"","X.2","X.1","X","X.x","full_plant_ID","chamber","treatment","replicate","unique_id","disc_wet_weight","focal_dry_weight","stem_dry_weight","total_leaves_dry_weight","above_biomass_dry_weight","root_biomass_dry_weight","area_focal","disc_area","total_leaf_area","combined_leaf_areas","SLA_focal.x","machine","photo_resp_20","anet_420_20","ci_420_20","gsw_420_20","vpd_leaf_20","temperature_leaf_20","vcmax_tleaf_20","vcmax_tleaf_se_20","jmax_tleaf_20","jmax_tleaf_se_20","rd_tleaf_20","rd_tleaf_se_20","aci_RMSE_20","aci_ci_transistion_20","aci_ci_transition_set_20","aci_km_20","aci_gammastar_20","aci_fitmethod_20","aci_tcorrect_20","aci_fittpu_20","photo_resp_25","anet_420_25","ci_420_25","gsw_420_25","vpd_leaf_25","temperature_leaf_25","vcmax_tleaf_25","vcmax_tleaf_se_25","jmax_tleaf_25","jmax_tleaf_se_25","rd_tleaf_25","rd_tleaf_se_25","aci_RMSE_25","aci_ci_transistion_25","aci_ci_transition_set_25","aci_km_25","aci_gammastar_25","aci_fitmethod_25","aci_tcorrect_25","aci_fittpu_25","photo_resp_31","anet_420_31","ci_420_31","gsw_420_31","vpd_leaf_31","temperature_leaf_31","vcmax_tleaf_31","vcmax_tleaf_se_31","jmax_tleaf_31","jmax_tleaf_se_31","rd_tleaf_31","rd_tleaf_se_31","aci_RMSE_31","aci_ci_transistion_31","aci_ci_transition_set_31","aci_km_31","aci_gammastar_31","aci_fitmethod_31","aci_tcorrect_31","aci_fittpu_31","X.y","chlA.ugml","chlB.ugml","chlA.gml","chlB.gml","chlA.g","chlB.g","chlA.gm2","chlB.gm2","chlA.mmolm2","chlB.mmolm2","chl.mmolm2","chlA.chlB","Ambient.Humidity_dark","Ambient.Temperature_dark","ECSt.mAU_dark","gH._dark","Leaf.Angle_dark","Leaf.Temperature.Differential_dark","LEF_dark","Light.Intensity..PAR._dark","NPQt_dark","Phi2_dark","PhiNO_dark","PhiNPQ_dark","PS1.Active.Centers_dark","PS1.Open.Centers_dark","PS1.Over.Reduced.Centers_dark","PS1.Oxidized.Centers_dark","Relative.Chlorophyll_dark","Thickness_dark","vH._dark","time_dark","Trifoliate.set._dark","Ambient.Humidity_light","Ambient.Temperature_light","ECSt.mAU_light","gH._light","Leaf.Angle_light","Leaf.Temperature.Differential_light","LEF_light","Light.Intensity..PAR._light","NPQt_light","Phi2_light","PhiNO_light","PhiNPQ_light","PS1.Active.Centers_light","PS1.Open.Centers_light","PS1.Over.Reduced.Centers_light","PS1.Oxidized.Centers_light","Relative.Chlorophyll_light","Thickness_light","vH._light","time_light","Trifoliate.set._light","resp_20","resp_25","resp_31","c13","total_c","n15","total_n","weight_mg","nitrogen_g.g","SLA_focal.y","nitrogen_area"
"1",1,1,1,1,"6.HTVHLV.1.1",6,"HTVHLV",1,1,0.0464,0.1157,1.08,1.58,2.7757,NA,30.634,3.086,440.58,474.3,264.7709594,"ozzie","photosynthesis",9.812462364,368.0748752,0.607567666,1.232280454,20.01872319,27.55933569,0.694762166,62.37778375,NA,1.33859658,0.171007625,2.958568501,425.803937,275,462.2817058,32.9853225,"bilinear",FALSE,FALSE,"photosynthesis",10.35854291,284.4220747,0.153581212,1.763500813,25.00844062,49.82161878,1.164474927,83.89948517,NA,1.782265103,0.242834348,2.727268986,346.280834,NA,710.840237,42.76851605,"bilinear",FALSE,FALSE,"photosynthesis",11.17073833,301.1520766,0.211455606,2.45622444,31.03008082,73.84363765,1.034224681,91.91420279,NA,0.864380044,0.138231083,2.013087567,348.9532839,NA,1195.186485,57.85342262,"bilinear",FALSE,FALSE,1,3.556643333,1.021996667,3.56e-06,1.02e-06,3.56e-05,1.02e-05,0.115250918,0.033117196,0.128986713,0.036493984,0.165480698,3.48009289,43.656,23.14,0.00351,0.305,1.711,-0.03,0.2963304,1.224,1.072,0.538,0.223,0.239,0.816,0.299,0.283,0.417,36.59,1.43,0.001,"7/13/2024 14:36",4,55.191,25.89,6e-04,147.433,4.762,-2.08,149.256261,2153.77,1.703,0.154,0.313,0.533,1.759,1.223,-0.328,0.106,37.7,1.22,0.088,"7/13/2024 10:00",4,-1.05446430683333,-1.6501315505,-2.25342942433333,-31.77,939.23,22.45,105.8,2.048,0.05166015625,264.7709594,0.000195112622498584
"2",2,2,2,2,"6.HTVHLV.1.2",6,"HTVHLV",1,2,0.047,0.1072,0.92,1.43,2.4572,NA,29.788,3.039,390.16,422.987,277.8731343,"yadi","photosynthesis",12.34642411,244.5363528,0.132417394,1.242889993,19.99977687,51.29253342,1.33541555,105.7019148,NA,3.167614949,0.357926778,3.51894932,322.261775,NA,461.5273842,32.9522355,"bilinear",FALSE,FALSE,"photosynthesis",16.04601965,290.268988,0.274473321,1.659218928,24.99024525,68.1578937,1.156210269,113.9096398,NA,1.163858048,0.237540565,3.225990638,330.9970355,NA,709.725306,42.72871101,"bilinear",FALSE,FALSE,"photosynthesis",17.32932949,290.8010469,0.323013534,2.264151453,31.01102982,104.1884829,1.549606067,125.4517738,NA,-0.550611097,0.207735745,4.015671197,317.6627144,NA,1193.216431,57.79912145,"bilinear",FALSE,FALSE,12,3.494466667,1.008163333,3.49e-06,1.01e-06,3.49e-05,1.01e-05,0.114987386,0.03317418,0.128691773,0.036556779,0.165248552,3.466171156,39.608,25.08,3e-05,-2536.737,5.561,0.21,0.4292433,1.614,1.004,0.591,0.204,0.205,1.381,0.315,0.41,0.275,42.3,1.22,-0.076,"7/12/2024 13:49",4,50.701,26.6,0.00078,87.24,2.243,0.39,175.1018877,2005.749,0.597,0.194,0.504,0.301,2.472,0.838,-0.311,0.472,41.2,0.73,0.068,"7/12/2024 8:23",4,-0.854907680166667,-1.19713475975,-1.72581919475,-32.5,915.13,17.32,105.28,1.994,0.0527983951855567,277.8731343,0.000190008995718722
"3",3,3,3,3,"6.HTVHLV.1.3",6,"HTVHLV",1,3,0.0387,0.0934,1.04,1.62,2.7534,NA,29.862,2.92,454.62,487.402,319.7216274,"yadi","photosynthesis",12.84330809,357.2383308,0.642318262,1.23054279,20.01079167,37.78126374,0.980786267,87.5559393,NA,1.79674273,0.340625913,3.905813813,440.7291674,NA,461.9682775,32.97152611,"bilinear",FALSE,FALSE,"photosynthesis",14.86896565,280.2412878,0.225156163,1.669436973,25.003988,68.42334959,0.849809072,112.3661576,NA,1.548723771,0.169104757,3.462807631,319.9856719,NA,710.5650235,42.75873166,"bilinear",FALSE,FALSE,"photosynthesis",16.1907935,285.790603,0.279235795,2.303421256,31.01539704,111.264622,1.454537218,136.6898589,NA,1.178716439,0.184201913,2.767335612,326.8417926,NA,1193.665471,57.81153401,"bilinear",FALSE,FALSE,23,3.189333333,0.902346667,3.19e-06,9.02e-07,3.19e-05,9.02e-06,0.109223744,0.030902283,0.122241211,0.034053228,0.156294439,3.534487854,42.839,22.63,0.00066,0.663,4.378,-0.2,0.3825063,1.458,0.714,0.583,0.243,0.174,1.117,0.335,0.384,0.281,40.62,0.27,0,"7/16/2024 15:09",5,45.561,26.3,7e-04,57.547,3.993,-0.63,50.0206788,646.262,0.467,0.172,0.565,0.263,1.706,0.444,0.065,0.491,40.5,0.22,0.04,"7/16/2024 8:01",5,-1.28305605608333,-1.7093002035,-2.4171743315,-31.58,922.02,21.47,119.05,1.992,0.0597640562248996,319.7216274,0.000186925284695018
"4",4,4,4,4,"6.HTVHLV.1.4",6,"HTVHLV",1,4,0.0466,0.1392,1.09,1.7,2.9292,NA,33.982,3.138,473.92,511.04,244.1235632,"ozzie","photosynthesis",10.42686407,351.6951583,0.395707473,1.25618399,20.00618152,30.67841853,0.416497231,73.59773201,NA,1.814879289,0.147836912,2.488353055,490.6095982,NA,461.7823028,32.96341857,"bilinear",FALSE,FALSE,"photosynthesis",6.910293477,275.4513732,0.0904952,1.809301886,24.9927592,38.99896794,1.020401853,75.54580605,NA,2.380403105,0.203885203,5.461321556,471.5583029,300,709.8781767,42.73418907,"bilinear",FALSE,FALSE,"photosynthesis",7.675555913,254.645923,0.089253848,2.52592968,30.99571023,64.43134515,1.198302314,86.69549501,NA,1.150450486,0.157719451,4.247866382,405.0158546,NA,1191.640126,57.75556426,"bilinear",FALSE,FALSE,34,4.283136667,1.264843333,4.28e-06,1.26e-06,4.28e-05,1.26e-05,0.136492564,0.040307308,0.152759974,0.044417235,0.197177209,3.386298171,41.583,23.41,3e-05,427.409,6.693,-0.6,0.3568644,1.384,0.721,0.573,0.248,0.179,1.01,0.168,0.45,0.382,41.23,1.5,0.013,"7/12/2024 14:48",4,52.221,25.16,0.00076,178.797,3.89,-0.35,408.4938324,2140.953,0.357,0.424,0.424,0.152,6.899,0.105,0.142,0.752,41.02,1.37,0.136,"7/12/2024 9:48",4,-1.267102599,-1.99364643391667,-2.82165962291667,-31.41,917.43,23.64,106.1,1.99,0.0533165829145729,244.1235632,0.000218399986530153
"5",5,5,5,5,"6.HTVHLV.1.5",6,"HTVHLV",1,5,0.0427,0.112,1.16,1.76,3.032,NA,31.733,3.002,491.48,526.215,283.3303571,"ozzie","photosynthesis",9.517678178,233.377724,0.092764882,1.33874288,20.00465818,57.96456287,4.805815289,114.7022487,NA,7.822969807,1.405647406,13.07868806,290.2250492,NA,461.7229365,32.96078822,"bilinear",FALSE,FALSE,"photosynthesis",12.54483636,306.3439469,0.24398609,1.709052474,25.00990519,51.15767058,1.338552144,87.64338929,NA,1.130240515,0.294423963,3.259095037,357.968407,NA,710.9317755,42.77175302,"bilinear",FALSE,FALSE,"photosynthesis",12.75581409,314.4847086,0.297793497,2.358351258,31.02618439,66.92955395,1.112109559,82.33311024,NA,-1.309585954,0.147217312,2.42533933,343.6775529,NA,1194.78353,57.84231626,"bilinear",FALSE,FALSE,45,3.762953333,1.082176667,3.76e-06,1.08e-06,3.76e-05,1.08e-05,0.125348212,0.036048523,0.14028742,0.039724204,0.180011623,3.477207973,42.26,25.22,2e-05,-877.871,2.231,0.17,0.2759841,1.234,1.173,0.497,0.232,0.272,0.992,0.286,0.316,0.398,42.03,0.37,-0.018,"7/14/2024 13:50",4,51.63,23.94,6e-04,163.801,6.644,-0.79,104.6219328,691.944,0.372,0.336,0.484,0.18,1.304,1.248,0.005,-0.252,42.57,1.21,0.098,"7/14/2024 7:54",4,-0.795292780916667,-1.34041604558333,-1.74487205441667,-32.27,957.58,23.8,125.22,2.049,0.061112737920937,283.3303571,0.000215694281920407
"6",6,6,6,6,"6.HTVLLV.1.6",6,"HTVLLV",1,6,0.0352,0.2045,3.34,4,7.5445,NA,45.717,2.853,834.5,883.07,223.5550122,"gibson","photosynthesis",18.29165935,295.8633275,0.338135922,1.328462668,19.98088831,66.58235082,0.868642361,141.8513433,NA,4.93764814,0.259882842,2.427396648,334.4390569,NA,460.7776959,32.9193038,"bilinear",FALSE,FALSE,"photosynthesis",21.01718009,271.7507182,0.324851771,1.776407826,24.99860615,109.5512046,0.88346301,184.1639086,NA,4.469856062,0.177368532,3.738887856,311.0610235,NA,710.2358744,42.74696955,"bilinear",FALSE,FALSE,"photosynthesis",22.27313583,265.2320215,0.34473182,2.529561698,31.01735494,170.9709389,1.18265465,214.2327122,NA,2.334142735,0.142970968,2.479023797,312.5505876,NA,1193.884656,57.81734423,"bilinear",FALSE,FALSE,56,3.26025,0.93285,3.26e-06,9.33e-07,3.26e-05,9.33e-06,0.114274448,0.032697161,0.127893866,0.03603112,0.163924986,3.494934877,44.631,24.39,6e-05,137.817,2.624,-0.8,1.11177765,3.693,0.448,0.669,0.229,0.103,1.341,0.131,0.567,0.302,47.14,1.38,0.008,"7/8/2024 16:00",4,53.575,27.04,0.00137,127.666,1.169,-0.51,429.8053442,3498.619,0.837,0.273,0.396,0.331,2.847,-0.021,-0.138,1.159,49.18,1.29,0.175,"7/8/2024 11:10",4,-1.07122417891667,-1.61061264075,-2.35801585941667,-31.39,887.56,19.72,92.22,1.921,0.0480062467464862,223.5550122,0.000214740194254907
"7",7,7,7,7,"6.HTVLLV.1.7",6,"HTVLLV",1,7,0.039,0.1417,1.64,2.28,4.0617,NA,34.198,2.561,564.77,601.529,241.340861,"gibson","photosynthesis",15.19881488,269.369081,0.205231329,1.335942828,19.99625283,67.47695382,2.129261726,139.0694693,NA,6.676432539,0.593764022,4.837022864,310.4861196,NA,461.3896954,32.94614231,"bilinear",FALSE,FALSE,"photosynthesis",17.97040451,282.0507593,0.293413486,1.809819055,25.02667657,88.7527345,1.427828592,149.7304255,NA,3.526842328,0.294516769,4.383968699,326.7642487,NA,711.9626218,42.80850098,"bilinear",FALSE,FALSE,"photosynthesis",14.10560588,241.7893841,0.161075053,2.549036351,31.00025607,145.1815741,4.625450577,179.1117939,NA,4.537743477,0.524963611,6.21706076,315.2180138,NA,1192.109299,57.76850883,"bilinear",FALSE,FALSE,58,2.858133333,0.842046667,2.86e-06,8.42e-07,2.86e-05,8.42e-06,0.111602239,0.032879604,0.124903178,0.036232167,0.161135345,3.394269518,46.342,22.92,5e-05,-10057.24,0.968,0.27,0.33607035,1.113,0.596,0.671,0.206,0.123,1.09,0.294,0.532,0.174,41.29,1.43,-0.503,"7/9/2024 14:15",3,49.211,24.41,0.00038,179.852,1.893,0.02,172.4327595,1252.235,0.362,0.306,0.51,0.185,2.145,1.133,0.102,-0.235,40.33,1.45,0.068,"7/9/2024 7:45",3,-1.11700575641667,-1.66131081941667,-2.35067009333333,-32.17,933.5,22.05,91.19,2.051,0.0444612384202828,241.340861,0.000184225904540395
"8",8,8,8,8,"6.HTVLLV.1.8",6,"HTVLLV",1,8,0.0425,0.1187,1.2,1.81,3.1287,NA,33.337,3.145,493.54,530.022,280.8508846,"gibson","photosynthesis",13.55664767,294.5129989,0.226871367,1.35205151,20.00363241,51.65603489,1.266606614,108.6220822,NA,4.466583287,0.389052536,3.945710685,337.3352973,NA,461.681861,32.95899135,"bilinear",FALSE,FALSE,"photosynthesis",15.44891149,291.6032147,0.26851974,1.80843556,25.024073,70.56419618,0.871053856,120.1234912,NA,2.218581828,0.184733447,5.318151895,343.1717844,NA,711.8040336,42.80282261,"bilinear",FALSE,FALSE,"photosynthesis",16.48200074,313.5324984,0.423185164,2.46041197,31.04870657,103.7376995,1.132203049,131.0430352,NA,1.181902302,0.155464241,3.139058948,347.6864584,NA,1197.10392,57.90639291,"bilinear",FALSE,FALSE,59,3.48864,0.99705,3.49e-06,9.97e-07,3.49e-05,9.97e-06,0.11092655,0.031702703,0.12414696,0.034935263,0.159082222,3.498961938,41.664,24.77,6e-05,31.374,4.233,0.76,0.417384,1.496,0.781,0.62,0.213,0.166,1.377,0.244,0.474,0.281,41.35,0.64,0.002,"7/15/2024 13:47",4,48.453,24.85,0.00084,170.143,2.826,0.14,199.5362064,1458.598,0.39,0.304,0.501,0.195,2.075,0.979,-0.46,0.481,40.84,0.62,0.143,"7/15/2024 8:03",4,-0.900335725916667,-1.26273828391667,-1.86835332783333,-32.41,942.67,19.71,106.72,2.043,0.0522369065100343,280.8508846,0.000185995164602854
"9",9,9,9,9,"6.HTVLLV.1.9",6,"HTVLLV",1,9,0.0319,0.0957,1.06,1.62,2.7757,NA,31.13,2.589,464.49,498.209,325.2873563,"gibson","photosynthesis",9.093611175,259.3276941,0.105690386,1.425433145,19.99253982,60.04092873,3.987273613,122.3123882,NA,9.885978499,1.223114278,10.16923097,307.7626492,NA,461.2401786,32.93961868,"bilinear",FALSE,FALSE,"photosynthesis",12.15945503,314.3102257,0.263695078,1.858396221,25.0143583,65.04917723,3.031675756,114.580659,NA,5.264893614,0.69867895,6.748985718,370.5156207,NA,711.2027513,42.78146013,"bilinear",FALSE,FALSE,"photosynthesis",12.23758226,325.8223708,0.348315371,2.576662013,31.02442373,75.50364476,0.819987439,98.26176008,NA,1.068459457,0.118166528,4.804460311,377.6617993,NA,1194.603868,57.83733084,"bilinear",FALSE,FALSE,60,3.101473333,0.810956667,3.1e-06,8.11e-07,3.1e-05,8.11e-06,0.119794258,0.031323162,0.134071536,0.034517022,0.168588558,3.824462466,40.351,25.01,5e-05,59.644,4.596,0.94,0.308286,1.384,1.278,0.495,0.222,0.284,0.851,0.403,0.226,0.37,41.91,0.28,0.003,"7/16/2024 13:59",5,48.916,26.24,0.00154,41.25,4.931,-0.67,69.7850046,1462.998,0.751,0.106,0.511,0.383,2.302,0.699,-0.106,0.407,44.13,0.46,0.064,"7/16/2024 7:57",5,-0.957526039083333,-1.40722085816667,-1.9942555655,-32.2,939.23,18.85,126.24,2.042,0.0618217433888345,325.2873563,0.000190052709370661
"10",10,10,10,10,"6.HTVLLV.1.10",6,"HTVLLV",1,10,0.0406,0.158,1.41,2.07,3.638,NA,33.428,2.673,476.28,512.381,211.5696203,"gibson","photosynthesis",16.64558279,282.7818235,0.258407415,1.329324883,19.99402013,65.4956554,1.503119515,140.1910213,NA,5.751115607,0.445434017,3.611644598,339.3577508,NA,461.2999703,32.94222378,"bilinear",FALSE,FALSE,"photosynthesis",18.51341247,273.4312938,0.279482278,1.757311222,24.98437564,100.2815476,1.680028099,171.1791266,NA,5.116185302,0.337387256,3.833232969,325.6108356,NA,709.3658295,42.71587376,"bilinear",FALSE,FALSE,"photosynthesis",18.56002046,274.8329654,0.299945525,2.489336449,31.07424813,148.3843671,1.478250845,186.3399234,NA,3.713112146,0.191687271,4.022772304,326.0528467,NA,1199.801018,57.97995858,"bilinear",FALSE,FALSE,2,3.22138,0.96347,3.22e-06,9.63e-07,3.22e-05,9.63e-06,0.120515526,0.036044519,0.134878765,0.039719792,0.174598557,3.34351874,38.455,25.88,5e-05,-5059.528,1.805,-1.27,0.37099125,1.225,0.489,0.673,0.219,0.107,1.318,0.191,0.528,0.281,44.76,1.47,-0.253,"7/11/2024 14:00",3,43.376,26.16,0.00059,324.194,19.144,-1.89,165.2925672,1208.279,0.391,0.304,0.5,0.195,1.806,0.925,0.018,0.057,44.1,0.71,0.191,"7/11/2024 7:46",3,-1.13465741258333,-1.70257223883333,-2.39376387158333,-31.32,895.6,15.18,71.64,2.005,0.0357306733167082,211.5696203,0.000168883761600759
"11",11,11,11,11,"5.HTVHLV.2.11",5,"HTVHLV",2,11,0.0473,0.1567,1.18,1.85,3.1867,NA,43.15,3.084,559.47,605.704,275.3669432,"gibson","photosynthesis",8.003002023,353.8548317,0.295660249,1.363124358,20.01730607,28.72562707,1.126554613,66.34129059,NA,3.105789301,0.38084651,4.489137628,446.9546434,NA,462.2285622,32.98292411,"bilinear",FALSE,FALSE,"photosynthesis",8.466827443,299.053972,0.142075791,1.82095985,24.99444876,39.70838662,0.79615411,66.81573987,NA,1.881955623,0.175934197,2.726343163,350.231995,NA,709.9820866,42.73789224,"bilinear",FALSE,FALSE,"photosynthesis",8.948720001,325.7512245,0.232828126,2.502388991,31.02016991,54.06598383,0.758418228,66.45587946,NA,0.673693523,0.107818923,2.506816815,347.1057877,NA,1194.158507,57.82513098,"bilinear",FALSE,FALSE,3,3.92334,1.12143,3.92e-06,1.12e-06,3.92e-05,1.12e-05,0.127215953,0.03636284,0.142377761,0.04007057,0.182448331,3.498515289,41.532,25.59,3e-05,2500.055,5.69,-0.2,0.2830185,1.154,1.397,0.545,0.19,0.265,1.274,0.563,0.143,0.295,45.91,1.39,0.075,"7/10/2024 14:59",3,52.063,24.5,0.00041,241.53,1.415,-0.77,87.6277521,766.647,0.222,0.254,0.611,0.135,2.838,0.658,-0.006,0.348,46.08,1.3,0.099,"7/10/2024 8:04",3,-0.699521763666667,-0.999002161833333,-1.46564016183333,-33.48,941.53,21.52,120.08,2.074,0.0578977820636451,275.3669432,0.000210256835445908
"12",12,12,12,12,"5.HTVHLV.2.12",5,"HTVHLV",2,12,0.0466,0.1623,1.44,2.15,3.7523,NA,38.761,3.108,579.85,621.719,238.823167,"gibson","photosynthesis",14.27921399,288.6434582,0.227615695,1.378065088,19.99537082,49.62430247,0.568814101,102.4597357,NA,2.761948358,0.164813288,3.413244878,324.7007289,NA,461.3529055,32.94456295,"bilinear",FALSE,FALSE,"photosynthesis",15.82231081,298.4550086,0.301134298,1.850329022,25.02534457,72.22516291,0.980483971,123.5315599,NA,2.380570008,0.208656475,5.960942701,345.4770268,NA,711.8782122,42.8055359,"bilinear",FALSE,FALSE,"photosynthesis",16.95336389,332.847705,0.653960272,2.484393164,31.09542134,92.92863768,2.126986709,104.0945276,NA,-0.318072066,0.269855922,4.021599351,284.2878787,NA,1201.933949,58.03953409,"bilinear",FALSE,FALSE,4,3.980916667,1.164583333,3.98e-06,1.16e-06,3.98e-05,1.16e-05,0.128086122,0.037470506,0.143351638,0.041291179,0.184642817,3.418318426,46.482,23.72,5e-05,-1353.487,3.871,-0.19,0.3171996,1.207,0.908,0.584,0.218,0.198,1.155,0.236,0.331,0.434,42.28,1.26,-0.068,"7/8/2024 15:15",3,48.812,24.66,0.00047,143.431,4.123,-1.75,102.5065485,596.315,0.223,0.382,0.505,0.113,3.534,0.337,0.067,0.596,41.55,1.16,0.067,"7/8/2024 7:55",3,-0.790699830583333,-1.224572909,-1.89190984166667,-32.74,949.55,16.22,108.78,2.068,0.0526015473887814,238.823167,0.000220253118864224
"13",13,13,13,13,"5.HTVHLV.2.13",5,"HTVHLV",2,13,0.0434,0.1504,1.37,2.25,3.7704,NA,39.494,3.141,575.34,617.975,262.5930851,"ozzie","photosynthesis",10.82743082,233.6836721,0.107051796,1.333042421,19.99204095,49.95554968,1.590198034,98.60904186,NA,3.136798813,0.40050409,3.745840981,293.0364209,NA,461.2226408,32.93880168,"bilinear",FALSE,FALSE,"photosynthesis",15.1732865,289.5584778,0.254536567,1.720755839,25.0134826,61.62337459,0.634084746,102.5362173,NA,0.264901793,0.129690727,2.683066131,332.2490902,NA,711.1515849,42.77959014,"bilinear",FALSE,FALSE,"photosynthesis",13.50774655,272.0247349,0.194792317,2.440272354,31.02087283,91.84722431,1.0884585,108.3785624,NA,0.246320813,0.138901227,2.921432027,310.5562505,NA,1194.237897,57.82722667,"bilinear",FALSE,FALSE,5,3.905323333,1.115636667,3.91e-06,1.12e-06,3.91e-05,1.12e-05,0.124333758,0.035518519,0.139152061,0.039140157,0.178292218,3.500533328,39.207,25.1,0.00033,4.501,4.073,0.29,0.34480485,1.443,0.986,0.531,0.236,0.233,0.536,0.332,0.018,0.65,37.11,1.21,0.001,"7/12/2024 13:52",4,47.312,27.91,0.00087,165.327,4.491,-0.7,288.7895439,2050.334,0.469,0.313,0.467,0.219,2.937,0.739,-0.11,0.371,38.57,1.16,0.144,"7/12/2024 8:37",4,-0.917072512833333,-1.43582877816667,-2.22091247916667,-31.97,946.11,16.6,110.83,2.065,0.0536707021791768,262.5930851,0.000204387340050246
"14",14,14,14,14,"5.HTVHLV.2.14",5,"HTVHLV",2,14,0.0411,0.1125,1.17,1.77,3.0525,NA,31.964,2.991,503.76,538.715,284.1244444,"gibson","photosynthesis",9.078861768,256.0769073,0.102776854,1.420873293,19.99314369,49.109303,1.937976038,97.99155713,NA,6.26524226,0.54549402,4.341962984,300.7700385,NA,461.2639442,32.94066679,"bilinear",FALSE,FALSE,"photosynthesis",11.87649981,306.4755529,0.231194689,1.837759644,25.01469903,55.2645368,1.148989553,94.79463244,NA,2.516791252,0.254388551,3.999669715,356.7786022,NA,711.2248059,42.78222709,"bilinear",FALSE,FALSE,"photosynthesis",9.591777204,257.6575219,0.117705599,2.617730866,30.98842767,86.15668888,1.745694489,103.9854528,NA,2.235373183,0.210456649,2.791343518,324.3641341,NA,1190.894206,57.73490525,"bilinear",FALSE,FALSE,6,3.892443333,1.052976667,3.89e-06,1.05e-06,3.89e-05,1.05e-05,0.130138527,0.035204837,0.145648652,0.038794491,0.184443143,3.696609295,47.492,22.32,2e-05,137.373,4.3,0.11,0.36030015,1.611,1.433,0.497,0.207,0.296,0.729,0.558,0.02,0.421,39.79,1.32,0.003,"7/13/2024 13:31",4,51.815,24.55,0.00066,65.551,6.792,-0.32,84.42299925,658.269,0.235,0.285,0.579,0.136,1.478,1.013,-0.096,0.083,40.38,1.17,0.043,"7/13/2024 7:48",4,-1.02227296025,-1.44412321658333,-2.098293872,-33.08,900.2,19.21,109.81,1.968,0.0557977642276423,284.1244444,0.000196384947959945
"15",15,15,15,15,"5.HTVHLV.2.15",5,"HTVHLV",2,15,0.0449,0.1183,0.78,1.3,2.1983,NA,35.484,3.165,350.34,388.989,299.9492815,"ozzie","photosynthesis",11.1641909,347.3268296,0.394151493,1.307658389,20.01771652,44.39469304,2.997080548,102.0512193,NA,5.746283082,1.023802351,8.003113139,424.9093543,NA,462.2418959,32.98357076,"bilinear",FALSE,FALSE,"photosynthesis",12.46172716,322.0899149,0.303323209,1.722931595,25.01732689,46.17888091,0.556535126,79.19702346,NA,0.225963348,0.125236783,2.85030372,361.6880291,NA,711.3860459,42.7879799,"bilinear",FALSE,FALSE,"photosynthesis",10.68884427,279.4868072,0.159474924,2.458351757,31.00969375,80.23592397,2.136460115,97.86221867,NA,1.858021426,0.308346107,4.705298805,333.3671629,NA,1193.08495,57.79540509,"bilinear",FALSE,FALSE,7,3.883243333,1.111616667,3.88e-06,1.11e-06,3.88e-05,1.11e-05,0.122693312,0.03512217,0.137316104,0.038703395,0.176019499,3.493329535,45.957,22.31,6e-05,218.424,7.529,0.56,0.33057945,1.343,0.887,0.547,0.24,0.213,0.935,0.343,0.165,0.493,39.66,0.53,0.013,"7/15/2024 14:58",4,55.746,26.73,0.00068,286.984,4.136,0.2,131.6164167,2119.427,0.481,0.138,0.582,0.28,1.413,1.061,-0.473,0.412,39.12,0.52,0.195,"7/15/2024 9:35",4,-0.938369766916667,-1.1837721165,-1.92915230808333,-32.7,939.23,14.32,127.27,2.026,0.0628183613030602,299.9492815,0.000209429944252293
"16",16,16,16,16,"5.HTVLLV.2.16",5,"HTVLLV",2,16,0.0395,0.0969,0.65,1.14,1.8869,NA,33.07,2.967,297.42,333.457,341.2796698,"yadi","photosynthesis",7.697973724,379.1212659,0.718806264,1.214665714,20.01838825,27.02178568,1.47723824,65.77573593,NA,3.266616212,0.54354513,4.827956815,515.6379128,NA,462.2686247,32.98474351,"bilinear",FALSE,FALSE,"photosynthesis",8.943735652,326.8117655,0.213307543,1.658848052,24.98540349,37.17233529,1.452929888,65.82840518,NA,1.422967393,0.33739636,3.881588555,390.4628724,NA,709.4395322,42.71831922,"bilinear",FALSE,FALSE,"photosynthesis",9.455837191,337.1346328,0.302036382,2.292616956,31.00899261,49.13804806,0.779930529,61.83364751,NA,-0.401273307,0.119519976,2.254719277,363.7939283,NA,1193.005983,57.79331777,"bilinear",FALSE,FALSE,8,3.590223333,0.952716667,3.59e-06,9.53e-07,3.59e-05,9.53e-06,0.121005168,0.032110437,0.135426764,0.035384571,0.170811335,3.768406137,45.991,22.42,5e-05,-1514.964,6.276,0.05,0.30631725,1.249,1.041,0.545,0.223,0.232,1.344,0.384,0.243,0.373,42.1,0.35,-0.076,"7/17/2024 14:41",4,57.695,23.84,0.00082,45.9,0.445,0.73,40.9763952,1468.688,0.552,0.062,0.604,0.334,2.589,0.475,0.148,0.377,42.97,0.24,0.038,"7/17/2024 7:39",4,-0.863092922083333,-1.27367440816667,-1.73085847866667,-32.71,918.58,19.75,130.35,1.977,0.0659332321699545,341.2796698,0.000193194139599916
"17",17,17,17,17,"5.HTVLLV.2.17",5,"HTVLLV",2,17,0.0417,0.1225,0.84,1.42,2.3825,NA,34.913,3.109,359.49,397.512,285.0040816,"gibson","photosynthesis",7.158800838,228.2007816,0.066498001,1.485732659,20.00073805,53.92585541,3.089517228,103.3660379,NA,8.16137062,0.803891596,5.220382875,272.6630366,NA,461.5656697,32.95391447,"bilinear",FALSE,FALSE,"photosynthesis",11.15977689,302.7449645,0.205704517,1.914008151,25.01064805,49.34568425,0.607213085,85.39887024,NA,1.607835864,0.13451028,4.745773205,366.4866492,NA,710.9756149,42.77334727,"bilinear",FALSE,FALSE,"photosynthesis",11.41523108,342.1919786,0.454029405,2.709076555,31.01016333,65.94131317,2.011720099,83.85456452,NA,1.072299956,0.248539747,8.576999672,365.0590847,300,1193.141077,57.79684746,"bilinear",FALSE,FALSE,9,3.791396667,1.069763333,3.79e-06,1.07e-06,3.79e-05,1.07e-05,0.121949073,0.034408599,0.136483165,0.037917065,0.174400229,3.544145278,42.083,25.19,5e-05,0.776,5.221,0.48,0.3239316,1.343,1.094,0.536,0.222,0.243,0.842,0.287,0.274,0.439,39.16,0.56,0,"7/14/2024 13:55",4,53.503,24.14,0.00065,73.873,3.676,-0.37,142.9881377,1535.031,0.435,0.207,0.553,0.24,2.158,1.028,0.12,-0.147,41.2,1.27,0.048,"7/14/2024 7:59",4,-0.724063123,-1.19694768,-1.79473903766667,-33.01,903.65,23.78,115.97,1.955,0.0593196930946292,285.0040816,0.000208136293212403
"18",18,18,18,18,"5.HTVLLV.2.18",5,"HTVLLV",2,18,0.0383,0.0906,0.61,1.01,1.7106,NA,30.24,2.94,253.04,286.22,333.7748344,"ozzie","photosynthesis",7.810347731,330.7920601,0.184615807,1.31776862,20.00140664,20.74377788,0.523018277,47.76824719,NA,0.428303542,0.132988291,2.94358024,451.1053674,300,461.593269,32.95510492,"bilinear",FALSE,FALSE,"photosynthesis",7.990515448,322.4764529,0.175686266,1.735938676,24.99758139,27.81349036,0.77270049,49.25916221,NA,-0.14041699,0.139277951,2.111666481,396.3058748,300,710.17268,42.74472036,"bilinear",FALSE,FALSE,"photosynthesis",7.684845906,342.5802903,0.261281875,2.371791002,31.0204268,41.31546664,1.43887096,47.67652008,NA,-0.44275321,0.153663435,2.564405058,311.8884827,300,1194.182562,57.82582869,"bilinear",FALSE,FALSE,10,3.127693333,0.860966667,3.13e-06,8.61e-07,3.13e-05,8.61e-06,0.106384127,0.02928458,0.119063163,0.032270577,0.15133374,3.632769368,43.175,24.92,7e-05,69.202,3.845,1.87,0.3774168,1.384,0.994,0.606,0.198,0.196,1.165,0.285,0.237,0.478,39.95,0.23,0.005,"7/17/2024 13:20",4,56.555,23.35,0.00071,44.936,4.136,0.24,118.6174908,1402.098,0.44,0.188,0.564,0.248,5.483,0.206,0.049,0.745,41.65,0.33,0.032,"7/17/2024 7:34",4,-0.784396196166667,-0.991151296416667,-1.66303785708333,-32.63,922.02,14.64,132.4,1.984,0.0667338709677419,333.7748344,0.000199936795977156
"19",19,19,19,19,"5.HTVLLV.2.19",5,"HTVLLV",2,19,0.0393,0.0927,0.7,1.21,2.0027,NA,32.201,2.986,333.17,368.357,347.3678533,"ozzie","photosynthesis",6.702177088,334.9143772,0.164195413,1.319094178,19.99418767,27.46581057,1.810133353,61.49320137,NA,3.60891865,0.610885339,4.959001845,413.4002557,NA,461.3058036,32.94249683,"bilinear",FALSE,FALSE,"photosynthesis",7.053821068,313.4897698,0.135168582,1.737623125,24.99453602,27.15370246,0.755713075,46.84521706,NA,0.329869149,0.169930554,2.143499249,375.2296828,NA,709.9882597,42.73809832,"bilinear",FALSE,FALSE,"photosynthesis",6.498344938,346.1962402,0.23022791,2.353031452,31.01029754,31.8151644,0.745566489,40.13471569,NA,-0.40819435,0.124368102,2.946648472,371.1886305,NA,1193.141302,57.79704241,"bilinear",FALSE,FALSE,11,3.708136667,0.949053333,3.71e-06,9.49e-07,3.71e-05,9.49e-06,0.124184081,0.031783434,0.138984546,0.035024225,0.174008771,3.90719524,40.023,24.97,33.12028,0,4.406,0.5,0.2933388,1.384,1.833,0.471,0.187,0.343,0.757,0.627,-0.121,0.494,41.13,0.25,0,"7/16/2024 14:04",4,49.239,25.61,3e-04,415.747,5.039,-0.62,126.9774018,1720.561,0.31,0.164,0.638,0.198,3.69,0.428,0.022,0.55,42.05,0.55,0.125,"7/16/2024 7:47",4,-0.597531043833333,-0.8791738815,-1.37151005691667,-33.38,994.23,17.56,142.67,2.071,0.0688894253983583,347.3678533,0.000198318366952807
"20",20,20,20,20,"5.HTVLLV.2.20",5,"HTVLLV",2,20,0.0424,0.1145,0.67,1.1,1.8845,NA,38.18,3.111,320.48,361.771,333.4497817,"gibson","photosynthesis",4.239409839,306.3695968,0.069513868,1.408428199,19.99940325,29.42545255,1.934657379,62.80365776,NA,5.909771463,0.621008565,4.914059136,366.2692055,NA,461.5130414,32.95159544,"bilinear",FALSE,FALSE,"photosynthesis",5.356250215,354.7743868,0.201325033,1.768812496,25.01659795,23.3208053,0.661709227,41.41646797,NA,1.580954138,0.180924775,3.325686346,401.8804053,NA,711.3454446,42.78645978,"bilinear",FALSE,FALSE,"photosynthesis",4.618365277,351.2405829,0.181264401,2.665148509,31.00597771,44.15193736,2.209501483,57.48349525,NA,3.535660601,0.354510385,3.969728759,389.26281,NA,1192.718619,57.78505941,"bilinear",FALSE,FALSE,13,3.635916667,1.192243333,3.64e-06,1.19e-06,3.64e-05,1.19e-05,0.116872924,0.038323476,0.130802032,0.042231122,0.173033154,3.04964311,42.177,22.53,14.10285,0,3.982,0.24,0.3056616,1.272,1.272,0.534,0.205,0.261,1.176,0.578,0.125,0.297,40.47,1.25,0,"7/11/2024 15:45",3,49.338,26.4,0.00043,62.136,17.219,-0.83,79.3963566,1336.639,0.432,0.132,0.606,0.262,1.831,1.122,-0.119,-0.003,39.27,1.17,0.027,"7/11/2024 7:42",3,-0.52106919875,-1.08900258191667,-1.42346190166667,-34.2,909.39,17.62,115.97,1.981,0.0585411408379606,333.4497817,0.00017556209075773
"21",21,21,21,21,"4.LTVHLV.1.21",4,"LTVHLV",1,21,0.05,0.2278,2.31,3.58,6.1178,NA,51.112,3.273,882.51,936.895,224.3722564,"yadi","photosynthesis",13.51644278,333.9315374,0.388719315,1.22552502,20.01548096,46.93023413,0.864090699,108.9579473,NA,4.075948763,0.287562447,3.151275309,432.4760305,NA,462.1642453,32.97993141,"bilinear",FALSE,FALSE,"photosynthesis",17.05047043,276.2380263,0.256336282,1.662047797,24.99650553,89.08765368,1.734581253,151.7341975,NA,4.033821325,0.350398392,4.232467708,331.6172377,NA,710.1134264,42.74248928,"bilinear",FALSE,FALSE,"photosynthesis",18.99334992,251.6658323,0.24539946,2.311043705,31.01149225,176.8984029,3.580515128,222.1632217,NA,5.064655534,0.434293475,6.235565106,310.6996226,NA,1193.2707,57.80052811,"bilinear",FALSE,FALSE,14,3.7444,1.10393,3.74e-06,1.1e-06,3.74e-05,1.1e-05,0.114402689,0.033728384,0.12803739,0.037167492,0.165204882,3.391881732,45.939,23.13,4e-05,151.262,0.409,-0.5,0.2955015,1.113,0.674,0.59,0.245,0.165,0.757,0.157,0.332,0.51,35.84,1.42,0.006,"7/9/2024 15:15",4,50.892,24.82,0.00088,179.184,7.292,-0.93,192.9481317,796.977,0.537,0.538,0.301,0.161,4.474,0.221,0.093,0.686,37.66,1.24,0.158,"7/9/2024 7:54",4,-1.41914952033333,-2.01331084966667,-2.89232411408333,-30.07,908.24,19.91,90.89,1.972,0.0460902636916836,224.3722564,0.000205418728817863
"22",22,22,22,22,"4.LTVHLV.1.22",4,"LTVHLV",1,22,0.0424,0.1327,1.1,1.93,3.1627,NA,43.766,3.201,603.71,650.677,329.8116051,"ozzie","photosynthesis",7.523088218,326.4361373,0.166397282,1.369084359,20.00102233,21.78940986,0.458224276,47.60403169,NA,0.708196591,0.147887995,2.316196426,393.855545,NA,461.5772383,32.95441676,"bilinear",FALSE,FALSE,"photosynthesis",7.057277329,280.1564606,0.096589094,1.836845126,24.98609153,30.69004393,0.528073054,50.38417991,NA,0.440902625,0.111275677,1.937991199,336.6203131,NA,709.4694862,42.71960024,"bilinear",FALSE,FALSE,"photosynthesis",7.076966935,333.8811104,0.199807817,2.43027922,31.00001457,36.44674669,0.815808167,43.70668516,NA,-0.46004207,0.115125704,1.932220224,335.866056,NA,1192.082051,57.76778918,"bilinear",FALSE,FALSE,15,3.856946667,1.013843333,3.86e-06,1.01e-06,3.86e-05,1.01e-05,0.12049193,0.031672706,0.134852357,0.034902208,0.169754565,3.804282713,46.815,23.07,2e-05,-1248.367,4.342,0.22,0.37334925,1.611,1.604,0.515,0.186,0.299,0.95,0.592,-0.013,0.421,39.27,1.36,-0.025,"7/13/2024 13:37",4,53.986,24.23,0.00076,46.557,4.929,0.2,161.5385079,777.001,0.047,0.462,0.514,0.024,5.166,0.504,0.028,0.467,41.69,1.47,0.035,"7/13/2024 7:44",4,-0.67451995125,-1.09683190483333,-1.69798842325,-32.6,922.02,15.41,126.24,1.968,0.0641463414634146,329.8116051,0.000194493888242548
"23",23,23,23,23,"4.LTVHLV.1.23",4,"LTVHLV",1,23,0.0423,0.1648,1.32,2.06,3.5448,NA,48.786,3.055,630.71,682.551,296.0315534,"ozzie","photosynthesis",6.171733136,217.2491315,0.0532526,1.384204321,20.00370837,40.85159063,3.487980661,78.28436377,NA,5.147599341,0.888251161,6.120024944,279.316721,NA,461.6840873,32.9591054,"bilinear",FALSE,FALSE,"photosynthesis",8.47828474,317.5525742,0.176785702,1.749831035,24.99671017,31.08885948,0.616771892,54.20770493,NA,-0.012742436,0.138845278,2.050240715,381.718905,NA,710.1192525,42.74281364,"bilinear",FALSE,FALSE,"photosynthesis",8.236494412,330.0566696,0.222260854,2.336896659,31.00322682,41.97426244,0.795546518,53.20550434,NA,-0.477520328,0.126537896,2.688644059,370.9526419,NA,1192.415277,57.77695953,"bilinear",FALSE,FALSE,16,4.008133333,1.111736667,4.01e-06,1.11e-06,4.01e-05,1.11e-05,0.131199127,0.036390726,0.146835656,0.040101299,0.186936955,3.605290222,44,24.17,6e-05,672.684,4.634,-0.04,0.3095028,1.154,0.896,0.596,0.213,0.191,1.287,0.322,0.325,0.353,40.54,1.21,0.04,"7/10/2024 16:03",3,56.393,28.2,0.00064,194.99,5.51,-1.31,315.523013,2254.541,0.141,0.311,0.604,0.085,6.066,0.237,-0.011,0.775,39.57,1.26,0.125,"7/10/2024 9:30",3,-0.608002503416667,-1.12938561025,-1.58028633566667,-31.99,863.4,18.35,103.95,1.923,0.0540561622464899,296.0315534,0.000182602704426743
"24",24,24,24,24,"4.LTVHLV.1.24",4,"LTVHLV",1,24,0.0493,0.215,2.49,3.73,6.435,NA,46.383,3.18,886.52,936.083,215.7348837,"ozzie","photosynthesis",16.29964094,274.776093,0.232742755,1.247963309,19.99978588,69.83130601,3.193514914,149.8960105,NA,7.165623109,0.92721406,6.820295056,337.8665022,NA,461.5285596,32.95227028,"bilinear",FALSE,FALSE,"photosynthesis",19.33055143,272.0639404,0.289070279,1.658096345,24.99852635,99.64739979,2.091702353,168.125215,NA,4.371495997,0.418317401,3.813840775,319.338439,NA,710.2312551,42.74679994,"bilinear",FALSE,FALSE,"photosynthesis",19.65695133,244.0946353,0.240830968,2.313896225,31.00242614,156.3232469,1.214024285,192.0295372,NA,1.119597024,0.138818565,2.072739012,308.2866684,NA,1192.385158,57.77539979,"bilinear",FALSE,FALSE,17,3.729373333,1.151456667,3.73e-06,1.15e-06,3.73e-05,1.15e-05,0.117275891,0.036209329,0.131253026,0.039901406,0.171154432,3.238830814,46.366,22.72,-0.00023,-0.271,0.579,0.15,0.3015117,1.113,0.572,0.602,0.253,0.145,0.618,0.149,0.446,0.405,34.07,1.41,0,"7/9/2024 14:12",4,49.312,24.69,0.00087,94.765,2.718,-0.5,206.675388,805.752,0.316,0.57,0.327,0.103,5.405,0.156,0.118,0.726,34.54,1.27,0.082,"7/9/2024 7:49",4,-1.26382991233333,-1.90514588725,-2.90010081483333,-29.97,936.94,23.26,99.63,2.026,0.0491757156959526,215.7348837,0.000227945128078295
"25",25,25,25,25,"4.LTVHLV.1.25",4,"LTVHLV",1,25,0.0457,0.2218,2.95,4.32,7.4918,NA,47.228,3.112,1004.91,1055.25,212.9305681,"ozzie","photosynthesis",18.94949671,289.5801708,0.326449267,1.234623218,20.00755058,54.59276818,0.606902097,112.2299838,NA,-0.073485906,0.172942191,2.156650255,318.4251324,NA,461.8379737,32.96583656,"bilinear",FALSE,FALSE,"photosynthesis",21.61958877,275.9753709,0.348309364,1.68797176,25.02452126,119.9833148,5.129946675,205.9355085,NA,6.670074218,1.033689622,8.936604442,317.0462245,NA,711.8253435,42.80369043,"bilinear",FALSE,FALSE,"photosynthesis",22.91197504,281.4714736,0.420869586,2.311217912,31.04195903,144.0131302,1.881966481,176.1100499,NA,-0.407203763,0.245900227,4.572107658,312.31052,NA,1196.438219,57.88759979,"bilinear",FALSE,FALSE,18,4.0687,1.20821,4.07e-06,1.21e-06,4.07e-05,1.21e-05,0.130742288,0.038824229,0.14632437,0.042782934,0.189107304,3.367543722,45.965,24.05,4e-05,81.985,3.687,-0.66,0.7508079,2.922,0.693,0.571,0.254,0.176,0.634,0.267,0.257,0.476,36.87,1.36,0.003,"7/8/2024 15:18",4,46.208,25.29,0.00109,171.71,28.031,0.34,448.6230558,1997.876,0.308,0.499,0.383,0.118,7.62,-0.075,0.431,0.644,39.02,1.34,0.187,"7/8/2024 8:18",4,-0.93805991375,-1.46998823708333,-2.3694045785,-30.1,946.11,16.43,101.68,2.047,0.0496726917440156,212.9305681,0.00023328116853888
"26",26,26,26,26,"4.LTVLLV.1.26",4,"LTVLLV",1,26,0.0485,0.2046,1.74,2.86,4.8046,NA,48.797,3.189,759.72,811.706,238.4995112,"gibson","photosynthesis",9.596736469,209.5334269,0.081856526,1.442315125,19.99430631,73.75207793,3.546972681,144.737524,NA,9.733595324,0.854248243,7.042104271,275.0469488,NA,461.3113808,32.94272392,"bilinear",FALSE,FALSE,"photosynthesis",16.65368627,290.5377206,0.293018845,1.871256059,25.02811477,78.97486019,1.393690298,136.0130147,NA,2.779258948,0.287532754,5.437555747,346.2472606,NA,712.050043,42.81163432,"bilinear",FALSE,FALSE,"photosynthesis",12.81959662,240.3387645,0.142987153,2.579100975,30.99375214,124.0271915,2.638590108,149.2248611,NA,2.998378865,0.287846094,4.222091918,309.6115036,NA,1191.439534,57.75000913,"bilinear",FALSE,FALSE,19,4.66716,1.30209,4.67e-06,1.3e-06,4.67e-05,1.3e-05,0.146351834,0.040830668,0.163794288,0.044993959,0.208788247,3.584360528,44.03,24.02,0.00079,0.717,5.1,-0.39,0.34012125,1.225,0.682,0.617,0.227,0.155,1.387,0.271,0.455,0.273,49.3,1.25,0.001,"7/10/2024 16:00",3,56.049,25.36,0.00089,109.73,2.349,-0.45,436.4251353,4007.577,0.668,0.242,0.455,0.304,3.465,-0.035,-0.093,1.129,49.63,1.08,0.098,"7/10/2024 8:25",3,-0.913146859333333,-1.395804231,-1.90486713508333,-31.17,889.86,19.91,92.74,1.969,0.0471000507872016,238.4995112,0.000197484894414331
"27",27,27,27,27,"4.LTVLLV.1.27",4,"LTVLLV",1,27,0.0384,0.1286,1.06,1.93,3.1186,NA,42.038,3.023,587.17,632.231,326.8895801,"yadi","photosynthesis",7.864077078,329.3146521,0.180701242,1.248268418,19.99783879,26.05226947,1.116105707,57.87368885,NA,2.113603233,0.359163427,3.571687065,406.7806027,NA,461.4504763,32.94885685,"bilinear",FALSE,FALSE,"photosynthesis",8.158089138,320.374105,0.174320198,1.671892119,24.99742491,37.43316354,1.29074955,65.61381998,NA,2.01973732,0.326996309,4.351707076,382.4963671,NA,710.1627559,42.74437188,"bilinear",FALSE,FALSE,"photosynthesis",8.565419029,330.5921421,0.234006527,2.304197922,31.00187672,50.9342423,1.451720446,65.50454777,NA,0.829424828,0.244380563,4.452847188,377.894073,NA,1192.27334,57.77307936,"bilinear",FALSE,FALSE,20,3.779666667,0.999773333,3.78e-06,1e-06,3.78e-05,1e-05,0.125030323,0.033072224,0.139931644,0.036444427,0.176376071,3.780523585,42.304,25.21,-86.19489,0,4.951,0.42,0.3089772,1.281,1.435,0.536,0.191,0.274,0.834,0.374,0.177,0.449,35.68,0.41,0,"7/14/2024 13:52",4,53.61,29.39,0.00104,53.363,2.718,0.4,170.7519177,4169.766,1.491,0.091,0.365,0.544,3.797,0.784,-0.015,0.231,41.3,1.44,0.055,"7/14/2024 8:48",4,-0.683473066083333,-1.02196672958333,-1.53106758925,-32.37,952.99,16.09,132.4,2.045,0.0647432762836186,326.8895801,0.000198058550119012
"28",28,28,28,28,"4.LTVLLV.1.28",4,"LTVLLV",1,28,0.043,0.1463,1.42,2.43,3.9963,NA,42.53,3.1,700.89,746.52,290.7040328,"gibson","photosynthesis",10.22964098,307.3840878,0.18732249,1.390051364,20.00879955,37.24684991,0.739560943,78.9213768,NA,3.273419824,0.229713606,3.573294297,354.5381519,NA,461.8869559,32.96800037,"bilinear",FALSE,FALSE,"photosynthesis",11.16215822,351.313071,0.483429162,1.686928418,25.01066899,40.30322345,0.532615492,68.14935413,NA,0.820327928,0.11284864,2.234799138,354.0624997,NA,710.9766205,42.77338801,"bilinear",FALSE,FALSE,"photosynthesis",9.000248416,313.430125,0.195605219,2.657661835,31.01772751,65.46425344,1.176739323,85.02053118,NA,1.953688034,0.164382716,4.573854715,379.9480901,NA,1193.90586,57.81816829,"bilinear",FALSE,FALSE,21,4.132946667,1.064093333,4.13e-06,1.06e-06,4.13e-05,1.06e-05,0.13332086,0.034325591,0.149210261,0.037825594,0.187035854,3.884007669,39.588,25.12,5e-05,144.329,5.321,0.45,0.29124135,1.297,1.391,0.499,0.21,0.292,0.781,0.306,0.209,0.485,36.88,1.26,0.007,"7/12/2024 13:45",4,51.181,29.92,0.00064,140.527,5.403,0.37,409.5219263,4044.661,1.875,0.225,0.27,0.505,4.027,1.643,-0.133,-0.51,37.67,1.22,0.09,"7/12/2024 8:55",4,-0.886758851,-1.3114150865,-1.85904338158333,-31.87,902.5,18.4,110.83,1.945,0.0569820051413882,290.7040328,0.000196013810309233
"29",29,29,29,29,"4.LTVLLV.1.29",4,"LTVLLV",1,29,0.0371,0.1108,0.69,1.29,2.0908,NA,40.188,2.996,377.53,420.714,362.7075812,"gibson","photosynthesis",12.17973168,303.2371913,0.21968303,1.352575404,20.00957144,41.37352109,0.878405167,86.8978233,NA,2.682736958,0.265483051,3.562897474,344.2955922,NA,461.9185472,32.96936839,"bilinear",FALSE,FALSE,"photosynthesis",12.65995122,275.8063135,0.17994964,1.837964341,25.01195294,61.52311539,0.945194603,99.55093835,NA,2.139054305,0.187784175,3.781417518,314.2126368,NA,711.0577453,42.77624174,"bilinear",FALSE,FALSE,"photosynthesis",13.68017865,340.4272115,0.56161044,2.485326557,31.04947632,73.54467173,1.242468308,91.78956199,NA,-0.483711207,0.162198859,4.002727871,351.4937595,NA,1197.187427,57.9086406,"bilinear",FALSE,FALSE,22,3.32005,0.91358,3.32e-06,9.14e-07,3.32e-05,9.14e-06,0.110816088,0.030493324,0.124023333,0.03360257,0.157625903,3.634109766,43.262,24.86,5e-05,144.526,4.546,1.09,0.3307068,1.384,1.094,0.531,0.224,0.245,0.764,0.401,0.222,0.378,38.35,0.43,0.007,"7/17/2024 13:25",4,53.031,24.61,0.00065,160.128,2.76,-0.1,80.6560974,1368.212,0.584,0.131,0.549,0.32,1.193,1.247,-0.067,-0.179,40.58,0.17,0.104,"7/17/2024 7:45",4,-0.811313637583333,-1.21131807441667,-1.85579111516667,-31.08,919.72,23.95,120.08,1.978,0.0607077856420627,362.7075812,0.000167373908869547
"30",30,30,30,30,"4.LTVLLV.1.30",4,"LTVLLV",1,30,0.0439,0.1322,0.98,1.9,3.0122,NA,36.64,3.103,503.69,543.433,277.1558245,"yadi","photosynthesis",15.36842271,346.8001455,0.634100932,1.221756018,20.01818543,48.52443908,1.399995992,111.9500676,NA,3.104388367,0.468746261,4.279496187,424.0803646,NA,462.2612603,32.98440585,"bilinear",FALSE,FALSE,"photosynthesis",18.22541328,276.9223987,0.280625685,1.637300064,25.00282938,89.48759883,2.252942429,149.6614316,NA,3.34998467,0.487179714,7.54236715,320.1151331,NA,710.496746,42.75624688,"bilinear",FALSE,FALSE,"photosynthesis",18.97621128,273.5839246,0.298979722,2.23882265,31.01357174,140.7371425,2.417638354,174.9657328,NA,2.117928553,0.311870746,4.377918857,321.7481483,NA,1193.480538,57.80638387,"bilinear",FALSE,FALSE,24,3.65424,1.0272,3.65e-06,1.03e-06,3.65e-05,1.03e-05,0.117764744,0.033103448,0.131800141,0.036478835,0.168278976,3.557476636,45.345,22.48,0.30799,0.003,6.766,0.63,0.3357072,1.227,0.656,0.608,0.237,0.155,1.012,0.192,0.437,0.37,38.29,0.69,0.001,"7/15/2024 15:01",4,64.764,24.73,9e-04,172.494,3.828,1.04,178.9615755,3898.945,1.053,0.102,0.437,0.46,-1.607,-1.207,1.559,0.648,38.89,0.71,0.155,"7/15/2024 9:22",4,-1.10418426175,-1.49315291625,-1.72946290741667,-30.53,956.43,14.57,108.78,2.083,0.0522227556409025,277.1558245,0.000188423807203455
"31",31,31,31,31,"3.LTVHLV.2.31",3,"LTVHLV",2,31,0.0457,0.2155,1.52,2.56,4.2955,NA,48.759,3.154,636.33,688.243,226.2598608,"ozzie","photosynthesis",18.36444487,278.5561863,0.280202774,1.281742058,20.01504077,64.31237209,1.623774826,133.9434737,NA,3.294267552,0.462190674,3.685189505,320.8134933,NA,462.1345892,32.97887989,"bilinear",FALSE,FALSE,"photosynthesis",19.36487847,257.4249918,0.255003961,1.779167817,25.01942451,87.68585459,1.06187753,137.207517,NA,0.386517873,0.200491704,3.396431875,282.8944958,NA,711.5136365,42.7925515,"bilinear",FALSE,FALSE,"photosynthesis",17.61016439,250.6136596,0.222761208,2.444621233,31.01500975,123.5487761,1.669693573,141.7586198,NA,-0.532305583,0.186366989,2.838551701,285.3254503,NA,1193.630954,57.81050617,"bilinear",FALSE,FALSE,25,4.469053333,1.286126667,4.47e-06,1.29e-06,4.47e-05,1.29e-05,0.141694779,0.040777637,0.158582197,0.044935521,0.203517718,3.474815855,38.34,26.02,4e-05,-3015.329,5.606,-0.87,0.395478,1.384,0.672,0.635,0.219,0.147,1.137,0.19,0.5,0.31,46.62,1.37,-0.121,"7/11/2024 13:57",3,45.449,25.99,0.00062,192.343,16.078,-2.18,148.068216,754.68,0.108,0.436,0.509,0.055,2.13,1.171,-0.45,0.28,50.63,1.26,0.119,"7/11/2024 7:52",3,-0.866525365583333,-1.46522217875,-2.14202608458333,-31.24,896.75,14.68,88.21,1.995,0.0442155388471178,226.2598608,0.000195419278924606
"32",32,32,32,32,"3.LTVHLV.2.32",3,"LTVHLV",2,32,0.0428,0.1677,0.93,1.58,2.6777,NA,45.105,3.084,420.81,468.999,268.9624329,"yadi","photosynthesis",12.47081267,347.714858,0.46292561,1.236296639,19.99795469,33.49029201,0.438172607,76.08709179,NA,0.771116689,0.147243158,1.868236838,423.1611772,NA,461.4576168,32.94911824,"bilinear",FALSE,FALSE,"photosynthesis",10.76478425,270.1325557,0.14063153,1.67482765,24.99234151,49.30794967,0.724815115,89.43373422,NA,0.876330942,0.152443486,4.911613786,403.045519,NA,709.8550937,42.73332147,"bilinear",FALSE,FALSE,"photosynthesis",12.6664432,288.189044,0.211222543,2.331967333,31.00194822,84.82978376,1.155730989,106.0762296,NA,0.542746345,0.147881484,2.287723771,346.9236784,NA,1192.28177,57.77329741,"bilinear",FALSE,FALSE,26,3.732516667,0.938413333,3.73e-06,9.38e-07,3.73e-05,9.38e-06,0.121028426,0.030428448,0.135452794,0.033531079,0.168983873,3.977476165,41.75,23.71,6e-05,6.195,7.781,-0.46,0.3359808,1.228,0.9,0.608,0.206,0.186,1.28,0.295,0.422,0.282,38.94,1.61,0,"7/12/2024 14:54",3,49.055,31.79,0.00049,169.858,4.796,-1.1,304.1464815,3975.771,0.393,0.17,0.596,0.234,6.453,0.366,0.142,0.492,41.43,1.45,0.083,"7/12/2024 10:47",3,-1.02983119591667,-1.35341420966667,-2.00373874541667,-32.42,947.26,16.98,111.86,2.045,0.0546992665036675,268.9624329,0.00020337139991593
"33",33,33,33,33,"3.LTVHLV.2.33",3,"LTVHLV",2,33,0.0399,0.1029,0.65,1.14,1.8929,NA,36.346,3.071,299.15,338.567,353.2167153,"yadi","photosynthesis",9.520654314,272.8482958,0.12246092,1.286450294,19.98611587,42.25547683,2.535833705,88.06729488,NA,4.493815222,0.720550142,6.051520391,336.7374683,NA,460.9864111,32.92844672,"bilinear",FALSE,FALSE,"photosynthesis",11.25459654,315.7831549,0.241552081,1.684442423,25.00854543,46.95217302,1.224310854,81.96125336,NA,1.366610207,0.276710963,3.483903257,374.3311152,NA,710.8449782,42.7687145,"bilinear",FALSE,FALSE,"photosynthesis",11.72010797,329.7106034,0.349449946,2.364344513,31.02983365,66.39998106,1.060318571,85.51620647,NA,0.137827005,0.15249181,2.173747655,374.254847,NA,1195.153144,57.8526112,"bilinear",FALSE,FALSE,27,3.1119,0.79275,3.11e-06,7.93e-07,3.11e-05,7.93e-06,0.101331814,0.025814067,0.113408707,0.028446193,0.1418549,3.925449385,43.271,24.84,0.00013,14.043,3.401,0.97,0.3135024,1.312,1.071,0.531,0.226,0.243,0.905,0.247,0.364,0.389,38.25,0.35,0.002,"7/17/2024 13:22",4,51.669,24.67,0.00095,39.867,4.803,-0.64,83.47624245,769.721,0.059,0.241,0.717,0.042,2.08,0.671,0.083,0.247,39,0.21,0.038,"7/17/2024 7:51",4,-0.87903996775,-1.29095147725,-1.93989004191667,-31.55,933.5,10.94,113.92,2.019,0.0564239722634968,353.2167153,0.000159743210950744
"34",34,34,34,34,"3.LTVHLV.2.34",3,"LTVHLV",2,34,0.0407,0.115,0.7,1.31,2.125,NA,37.661,3.072,353.91,394.643,327.4869565,"ozzie","photosynthesis",10.24126606,356.9424312,0.449034422,1.323270442,20.01632079,31.90057567,1.024257031,73.44956215,NA,2.142027123,0.349341484,3.610564537,440.1078655,NA,462.1855269,32.98111469,"bilinear",FALSE,FALSE,"photosynthesis",11.37362004,309.7730705,0.226734386,1.750583553,25.0161487,50.00413851,1.578924727,85.1683073,NA,1.841275321,0.365621932,3.92812225,354.564873,NA,711.3116098,42.78536133,"bilinear",FALSE,FALSE,"photosynthesis",10.75972739,298.5643169,0.196378688,2.439567601,31.01772116,63.58900437,0.894085317,76.61413892,NA,-0.358028575,0.119361293,2.044509894,331.4915721,NA,1193.908254,57.81819211,"bilinear",FALSE,FALSE,28,3.532033333,0.889346667,3.53e-06,8.89e-07,3.53e-05,8.89e-06,0.114975043,0.028950087,0.128677959,0.031901977,0.160579936,3.971492182,42.725,22.98,5e-05,119.934,2.447,0.21,0.3517317,1.343,0.694,0.582,0.247,0.171,0.844,0.296,0.189,0.515,37.03,0.27,0.006,"7/16/2024 15:14",4,48.457,25.41,0.00067,89.313,6.955,0.36,97.33963635,798.193,0.434,0.271,0.509,0.221,1.66,0.722,0.014,0.264,40.62,0.52,0.06,"7/16/2024 7:44",4,-1.02880602583333,-1.40240019866667,-2.0393484155,-31.79,964.45,9.95,117,2.087,0.0560613320555822,327.4869565,0.000171186457789754
"35",35,35,35,35,"3.LTVHLV.2.35",3,"LTVHLV",2,35,0.0419,0.144,0.96,1.73,2.834,NA,39.441,3.097,401.76,444.298,273.8958333,"gibson","photosynthesis",12.33266208,226.5715232,0.118704286,1.435445833,20.00011252,71.96661206,2.109323456,141.9117333,NA,8.099399798,0.552614169,5.25511465,279.1848629,NA,461.5409469,32.95282631,"bilinear",FALSE,FALSE,"photosynthesis",16.23084097,255.5422967,0.203062298,1.848131533,25.02109429,89.95394713,1.394004519,148.0302123,NA,4.222448014,0.267084627,5.076318522,310.6215698,NA,711.6252537,42.79637471,"bilinear",FALSE,FALSE,"photosynthesis",13.85607896,265.5653913,0.191414723,2.564623817,31.00592093,111.6751979,1.237046632,149.800651,NA,2.411339798,0.158151924,7.099884291,381.2530315,NA,1192.704642,57.78478677,"bilinear",FALSE,FALSE,29,3.358383333,0.910506667,3.36e-06,9.11e-07,3.36e-05,9.11e-06,0.108439888,0.029399634,0.121363933,0.032397362,0.153761295,3.688477478,43.9,23.4,6e-05,101.297,1.421,-0.01,0.30484125,1.225,0.844,0.553,0.242,0.204,0.52,0.311,0.134,0.555,33.71,0.55,0.006,"7/14/2024 14:57",4,49.339,32.25,0.00063,302.652,3.961,-1.38,313.5189389,4122.537,0.046,0.169,0.795,0.036,5.049,0.56,-0.129,0.569,36.06,0.33,0.191,"7/14/2024 10:53",4,-1.15050504808333,-1.88682546608333,-2.57859767908333,-30.97,911.69,13.38,108.78,1.952,0.0557274590163934,273.8958333,0.000203462237248986
"36",36,36,36,36,"3.LTVLLV.2.36",3,"LTVLLV",2,36,0.0451,0.1402,1.19,1.91,3.2402,NA,37.785,3.147,471.09,512.022,269.5078459,"gibson","photosynthesis",14.10903538,354.3282355,0.688801525,1.30896337,20.0333126,51.20592952,2.364706633,118.9588731,NA,5.980316273,0.813183905,6.75187514,428.8281647,NA,462.8635597,33.01082395,"bilinear",FALSE,FALSE,"photosynthesis",15.14652912,280.8530365,0.234597886,1.836833853,25.01870875,79.5860845,1.721842103,132.9445171,NA,3.704635077,0.348431471,5.342590185,325.4614725,NA,711.4725109,42.79103576,"bilinear",FALSE,FALSE,"photosynthesis",16.07951789,298.0805685,0.324256368,2.492409352,31.02969848,108.8380547,1.39833459,137.2389099,NA,1.643439979,0.188559654,4.665619706,343.8328227,NA,1195.151172,57.85239074,"bilinear",FALSE,FALSE,30,3.67793,0.94858,3.68e-06,9.49e-07,3.68e-05,9.49e-06,0.116870988,0.030142358,0.130799866,0.033215817,0.164015683,3.877300808,45.16,22.69,2e-05,-3728.76,6.398,0.6,0.319059,1.17,0.706,0.606,0.231,0.163,1.088,0.247,0.336,0.418,37.99,0.59,-0.075,"7/15/2024 15:04",4,70.627,23.22,0.00068,139.952,5.219,0.31,277.2773703,3924.662,0.438,0.157,0.587,0.257,3.129,1.368,-0.093,-0.275,38.01,0.57,0.095,"7/15/2024 9:18",4,-1.13835616291667,-1.50157598358333,-2.06344704075,-31.8,909.39,10.24,106.41,1.945,0.0547095115681234,269.5078459,0.000202997843663606
"37",37,37,37,37,"3.LTVLLV.2.37",3,"LTVLLV",2,37,0.05,0.2148,1.6,2.73,4.5448,NA,41.925,3.191,581.11,626.226,195.1815642,"ozzie","photosynthesis",14.83746823,202.0281351,0.126370215,1.339044185,19.98774061,86.10771923,3.544208766,160.2673774,NA,7.149445523,0.793391503,6.168550533,239.1405776,NA,461.0506502,32.93127361,"bilinear",FALSE,FALSE,"photosynthesis",20.8570563,238.9999186,0.241443256,1.736569583,24.98764271,118.2286475,1.872201941,189.9872771,NA,3.615999878,0.333302531,3.8950763,280.9691914,NA,709.5674703,42.72304756,"bilinear",FALSE,FALSE,"photosynthesis",21.94035254,247.0586997,0.283464738,2.42003987,31.02870783,168.9207606,1.185813693,203.7479502,NA,0.868987828,0.133437211,3.529027072,294.5092533,NA,1195.053576,57.84963364,"bilinear",FALSE,FALSE,31,4.10527,1.19225,4.11e-06,1.19e-06,4.11e-05,1.19e-05,0.12865152,0.037362896,0.143984421,0.041172596,0.185157017,3.443296289,41.215,25.51,6e-05,248.163,5.283,-0.56,0.36062145,1.231,0.509,0.651,0.232,0.118,1.141,0.195,0.481,0.324,46.47,1.38,0.015,"7/10/2024 15:02",3,53.884,26.15,0.00104,234.629,5.25,-0.48,165.6609935,4231.443,2.377,0.087,0.27,0.642,5.94,0.348,-0.139,0.791,43.87,1.31,0.244,"7/10/2024 9:05",3,-1.24328070366667,-1.74644619891667,-2.49787668025,-30.82,951.85,10.54,87.49,2.089,0.0418812829104835,195.1815642,0.000214576018396739
"38",38,38,38,38,"3.LTVLLV.2.38",3,"LTVLLV",2,38,0.0448,0.1431,1.31,2.1,3.5531,NA,36.012,3.182,501.51,540.704,251.6561845,"yadi","photosynthesis",12.06509423,354.003549,0.524103261,1.255072163,20.00460276,35.49197038,0.802465061,82.69399413,NA,1.737149284,0.27502384,3.154352319,449.1031981,NA,461.726817,32.96083355,"bilinear",FALSE,FALSE,"photosynthesis",14.02787014,291.3110949,0.235003139,1.686389002,25.01072839,61.03309557,0.99322338,100.0151148,NA,1.088569541,0.202138775,3.444021446,322.4457597,NA,710.9826266,42.77356134,"bilinear",FALSE,FALSE,"photosynthesis",14.93702519,305.8744348,0.324683253,2.337988215,31.0280013,94.03845667,1.132901158,117.2168204,NA,0.801051712,0.151372038,2.530857586,342.4555902,NA,1194.967369,57.84743938,"bilinear",FALSE,FALSE,32,4.407796667,1.121673333,4.41e-06,1.12e-06,4.41e-05,1.12e-05,0.138522837,0.035250576,0.155032218,0.038844894,0.193877112,3.929661636,43.615,23.31,1e-05,-236.412,3.876,-0.16,0.3396447,1.343,0.902,0.562,0.23,0.208,0.792,0.234,0.282,0.484,38.19,1.22,-0.002,"7/13/2024 14:38",4,51.761,25.67,0.00115,90.975,6.919,0.62,382.1087655,4043.479,2.799,0.21,0.208,0.582,4.63,1.291,-0.253,-0.038,36.95,1.56,0.105,"7/13/2024 8:16",4,-1.26773750525,-1.8410474545,-2.4269258535,-31.64,880.66,16.4,92.12,1.911,0.0482051282051282,251.6561845,0.000191551534093644
"39",39,39,39,39,"3.LTVLLV.2.39",3,"LTVLLV",2,39,0.0493,0.2153,1.69,2.77,4.6753,NA,42.537,3.146,589.67,635.353,197.5708314,"ozzie","photosynthesis",14.6627884,282.6275461,0.220174618,1.260591471,19.99687906,52.25090184,1.259862791,109.9124055,NA,3.091470546,0.363244191,3.112458803,336.9309924,NA,461.4138714,32.94721823,"bilinear",FALSE,FALSE,"photosynthesis",16.61101072,263.2537729,0.221387981,1.738519238,25.03224525,77.81522656,1.174944214,125.2635827,NA,1.344615743,0.233336069,3.55084722,304.0283421,NA,712.3033071,42.82067351,"bilinear",FALSE,FALSE,"photosynthesis",16.16204499,274.1911852,0.247364222,2.44477496,31.03083933,110.5304803,1.109657275,135.5641355,NA,0.47374707,0.137192991,2.342793685,326.6848419,NA,1195.260374,57.85552216,"bilinear",FALSE,FALSE,33,4.128423333,1.141176667,4.13e-06,1.14e-06,4.13e-05,1.14e-05,0.131227697,0.036273893,0.146867631,0.039972553,0.186840184,3.617689928,44.084,24.68,3e-05,466.725,3.214,-0.11,1.11393585,3.923,0.643,0.631,0.225,0.144,1.197,0.121,0.524,0.354,43.49,1.31,0.014,"7/8/2024 16:10",3,57.321,29.02,0.00078,82.512,4.322,0.03,312.3675144,3989.368,0.892,0.174,0.437,0.39,6.149,0.37,-0.012,0.643,46.28,1.29,0.064,"7/8/2024 11:45",3,-0.857188788833333,-1.58528399241667,-2.33451919725,-31.19,936.94,18.7,78.43,2.087,0.0375802587446095,197.5708314,0.000190211573633179
"40",40,40,40,40,"3.LTVLLV.2.40",3,"LTVLLV",2,40,0.0397,0.1016,1,1.51,2.6116,NA,34.123,3.106,432.21,469.439,335.8562992,"ozzie","photosynthesis",9.331135858,371.3194819,0.645310255,1.26521839,20.03849628,34.2924726,2.256374324,81.10594299,NA,4.393682305,0.814755526,6.711831635,469.7191111,NA,463.0714256,33.01991106,"bilinear",FALSE,FALSE,"photosynthesis",9.80406003,313.9820284,0.199495874,1.733765635,25.01259874,36.22780859,0.547901317,61.84050162,NA,-0.011401725,0.122070592,2.062376133,363.1717713,NA,711.0948371,42.77760906,"bilinear",FALSE,FALSE,"photosynthesis",9.712112757,323.0516313,0.24070384,2.326720331,31.01559924,50.28310327,1.001689096,60.01073484,NA,-0.839852232,0.136994276,2.184358341,329.5307304,NA,1193.686328,57.81210963,"bilinear",FALSE,FALSE,35,3.51693,0.88911,3.52e-06,8.89e-07,3.52e-05,8.89e-06,0.1132302,0.028625563,0.126725162,0.031544363,0.158269525,3.955562304,45.999,22.61,5e-05,136.142,5.548,0.2,0.3244212,1.224,0.784,0.589,0.23,0.181,1.207,0.348,0.376,0.276,39.1,0.4,0.007,"7/17/2024 14:43",5,53.162,24.15,0.00057,391.272,3.219,-0.12,135.4687871,1349.963,0.404,0.223,0.554,0.224,2.118,0.837,-0.373,0.536,38.82,0.14,0.223,"7/17/2024 7:58",5,-0.869059602,-1.09798864183333,-1.6172182655,-32.55,920.87,12.82,109.81,1.965,0.055882951653944,335.8562992,0.00016638947010092
"41",41,41,41,41,"2.LTVHLV.3.41",2,"LTVHLV",3,41,0.0412,0.1048,0.97,1.52,2.5948,NA,31.686,3.089,416.26,451.035,302.3473282,"yadi","photosynthesis",8.414392023,375.7513329,0.687682371,1.241203228,20.02244268,24.4353896,0.788956118,58.7051898,NA,1.380808376,0.284735911,3.677647257,501.2055195,NA,462.4297066,32.99181604,"bilinear",FALSE,FALSE,"photosynthesis",10.00944781,316.8514543,0.21176536,1.678514174,25.00460896,41.71920937,1.15281578,72.75739906,NA,1.391496061,0.261375957,3.779738999,376.393871,NA,710.6041554,42.76010997,"bilinear",FALSE,FALSE,"photosynthesis",10.60593227,335.1627109,0.338797241,2.321984612,31.01659776,56.19088609,0.881707876,72.13306986,NA,-0.370223681,0.128291099,2.944736526,375.2925363,NA,1193.792007,57.81498901,"bilinear",FALSE,FALSE,36,3.853956667,0.960523333,3.85e-06,9.61e-07,3.85e-05,9.61e-06,0.124763893,0.031094961,0.139633461,0.034265552,0.173899013,4.012350906,44.141,23.27,4e-05,171.604,3.797,-0.16,0.29062125,1.185,1.203,0.545,0.207,0.249,1.131,0.347,0.273,0.38,35.45,0.45,0.007,"7/14/2024 14:54",4,58.695,27.89,0.00069,71.573,6.405,-1.88,493.4378957,2072.833,0.625,0.529,0.29,0.181,2.785,1.737,-0.69,-0.047,38.57,1.44,0.049,"7/14/2024 9:51",4,-0.79807290925,-1.218828711,-1.62355112175,-33.57,926.61,18.74,101.48,2.012,0.0504373757455268,302.3473282,0.000166819320169957
"42",42,42,42,42,"2.LTVHLV.3.42",2,"LTVHLV",3,42,0.0423,0.1465,1.04,1.72,2.9065,NA,41.542,3.118,493.82,538.48,283.5631399,"yadi","photosynthesis",10.95952728,272.9180742,0.143009138,1.207985693,19.99899473,50.48013304,2.054744776,111.1201709,NA,5.522311895,0.6042276,5.538417241,376.1460334,NA,461.5037344,32.95104433,"bilinear",FALSE,FALSE,"photosynthesis",14.76099329,303.69486,0.288220974,1.614871391,25.00174383,57.90151202,0.619041333,98.31456028,NA,0.375569803,0.1306083,4.13585392,347.6380664,NA,710.4282233,42.75383528,"bilinear",FALSE,FALSE,"photosynthesis",15.50934009,312.725596,0.376285441,2.235866597,31.00933961,87.02484872,1.441222537,105.8737012,NA,-0.794822168,0.184088973,2.993962723,329.5348368,NA,1193.043579,57.79433038,"bilinear",FALSE,FALSE,37,2.60981,0.66364,2.61e-06,6.64e-07,2.61e-05,6.64e-06,0.083701411,0.021284157,0.093677084,0.023454391,0.117131475,3.932568863,41.565,25.44,3e-05,262.313,5.837,-0.11,0.3362166,1.237,0.861,0.604,0.213,0.183,1.105,0.234,0.379,0.387,36.54,1.35,0.008,"7/10/2024 15:06",3,52.302,24.37,0.00043,61.799,1.484,-0.1,96.13143945,729.097,0.255,0.293,0.563,0.144,3.855,0.315,-0.029,0.714,37.05,0.89,0.027,"7/10/2024 8:01",3,-0.853295010083333,-1.011970711,-1.57019216641667,-33.07,903.65,9.72,94.18,1.952,0.0482479508196721,283.5631399,0.000170148880551566
"43",43,43,43,43,"2.LTVHLV.3.43",2,"LTVHLV",3,43,0.0407,0.0989,0.9,1.44,2.4389,NA,29.854,3.068,408.59,441.512,301.8604651,"yadi","photosynthesis",9.556977779,338.5039537,0.267778439,1.269773295,20.00311322,28.51110873,0.837105789,63.76263425,NA,1.207637847,0.27562112,2.868197431,411.6651968,NA,461.6599382,32.95805547,"bilinear",FALSE,FALSE,"photosynthesis",10.22607193,316.020539,0.215367406,1.684946123,24.99566443,41.03736258,1.003403718,70.4792715,NA,0.96405841,0.242851963,3.581445434,364.6770119,NA,710.0549032,42.74052095,"bilinear",FALSE,FALSE,"photosynthesis",10.56142056,325.3344482,0.278642982,2.281906598,31.0022301,57.90357663,1.073818134,72.80523783,NA,-0.062814576,0.167785995,3.421373814,360.038884,NA,1192.313032,57.77412998,"bilinear",FALSE,FALSE,38,3.77269,0.99599,3.77e-06,9.96e-07,3.77e-05,9.96e-06,0.122969035,0.03246382,0.137624688,0.035773987,0.173398675,3.787879396,41.661,24.73,-3e-05,-237.013,5.228,0.7,0.41698935,1.497,0.968,0.619,0.194,0.188,0.541,0.353,0.046,0.601,13.85,0.42,0.007,"7/15/2024 13:50",4,51.661,25.4,0.00056,156.624,3.888,-0.21,46.4326542,697.187,0.44,0.148,0.592,0.26,2.177,0.435,0.053,0.512,38.46,0.43,0.088,"7/15/2024 7:43",4,-0.716491432916667,-1.01477830491667,-1.52958519908333,-33.6,889.86,8.64,104.15,1.923,0.0541601664066563,301.8604651,0.000179421198429261
"44",44,44,44,44,"2.LTVHLV.3.44",2,"LTVHLV",3,44,0.0422,0.0856,0.75,1.18,2.0156,NA,28.016,3.141,357.53,388.687,327.2897196,"gibson","photosynthesis",8.187832388,350.6830988,0.285252635,1.383232026,20.01111421,30.92027324,1.108046669,72.00270721,NA,3.831670625,0.374162274,4.381428226,453.8772032,400,461.9790232,32.97204054,"bilinear",FALSE,FALSE,"photosynthesis",9.086586135,321.5798892,0.20456725,1.834932566,25.01306674,40.73119351,0.792139853,71.14940124,NA,1.874714669,0.181617005,3.430201188,378.5309714,NA,711.1231464,42.77862614,"bilinear",FALSE,FALSE,"photosynthesis",8.985258443,329.4118616,0.250831681,2.496454481,31.02343362,58.8302953,1.458293302,75.01090279,NA,1.633230724,0.214578423,3.529223841,369.9320721,NA,1194.495631,57.83442841,"bilinear",FALSE,FALSE,39,3.547136667,0.889583333,3.55e-06,8.9e-07,3.55e-05,8.9e-06,0.112930171,0.02832166,0.126389375,0.031209472,0.157598848,3.987413583,46.005,22.77,5e-05,132.849,4.986,0.04,0.3287376,1.234,0.901,0.592,0.215,0.193,1.232,0.566,0.264,0.17,39.37,0.33,0.007,"7/17/2024 14:45",4,57.729,24.8,0.00033,248.878,5.019,0.15,113.5727123,2233.485,0.325,0.113,0.669,0.217,4.269,0.345,0.007,0.648,37.52,0.4,0.082,"7/17/2024 8:09",4,-0.741388661166667,-1.24906300558333,-1.68862236916667,-34.04,919.72,10.14,104.87,2.01,0.0521741293532338,327.2897196,0.000159412673936104
"45",45,45,45,45,"2.LTVHLV.3.45",2,"LTVHLV",3,45,0.0443,0.12,1.19,1.81,3.12,NA,32.592,3.162,469.9,505.654,271.6,"gibson","photosynthesis",9.690955117,366.5493163,0.572000879,1.358504207,20.01355858,37.38262339,1.892549078,88.29624023,NA,5.061568758,0.671811611,5.785547733,463.2152882,NA,462.0768712,32.97632158,"bilinear",FALSE,FALSE,"photosynthesis",11.6704626,315.8955326,0.255856673,1.854884273,25.0219394,59.47620498,2.304459266,103.9609133,NA,4.248811211,0.533134041,5.875071756,368.4886163,NA,711.670505,42.79810392,"bilinear",FALSE,FALSE,"photosynthesis",11.69176908,339.6059979,0.438387551,2.646968688,31.03511849,71.27555625,1.072480565,90.614216,NA,1.795611451,0.159865811,5.381410046,363.8629951,NA,1195.703095,57.86772201,"bilinear",FALSE,FALSE,40,3.30717,0.85092,3.31e-06,8.51e-07,3.31e-05,8.51e-06,0.104591082,0.026910816,0.11705642,0.029654772,0.146711192,3.886581582,43.84,23.49,0.00013,9.726,3.319,0,0.3792852,1.384,0.701,0.609,0.23,0.161,0.787,0.265,0.343,0.392,34,1.46,0.001,"7/13/2024 14:41",4,51.872,25.14,0.00047,276.765,6.181,-1.47,103.0388625,654.215,0.199,0.35,0.542,0.108,7.018,0.477,0.032,0.49,37.57,1.62,0.13,"7/13/2024 8:00",4,-0.946133182333333,-1.30350913625,-1.85197117291667,-32.93,928.91,8.95,93.77,2.026,0.0462833168805528,271.6,0.000170409855966689
"46",46,46,46,46,"2.LTVLLV.3.46",2,"LTVLLV",3,46,0.0443,0.1829,1.49,2.42,4.0929,NA,52.905,3.055,657.04,713,289.2564243,"yadi","photosynthesis",6.921508384,249.5694364,0.072682272,1.2500401,19.98456509,49.64652207,6.3983722,103.4098946,NA,8.379095285,1.807479546,12.13489396,330.9222482,NA,460.93511,32.92598231,"bilinear",FALSE,FALSE,"photosynthesis",9.860248409,323.6042801,0.228454896,1.676205345,24.99984299,38.27267543,0.620481067,67.9461629,NA,0.589354893,0.141107299,2.781296825,392.4308015,NA,710.3199068,42.74982681,"bilinear",FALSE,FALSE,"photosynthesis",10.39257944,328.9483175,0.291604471,2.327012373,31.00031991,62.48760391,1.766584799,70.79100416,NA,-0.060169688,0.154191761,3.948227329,295.3987939,NA,1192.119402,57.76873902,"bilinear",FALSE,FALSE,41,2.60291,0.70762,2.6e-06,7.08e-07,2.6e-05,7.08e-06,0.085201637,0.023162684,0.095356109,0.025524463,0.120880571,3.678400837,44.182,24.62,4e-05,209.354,8.045,-0.19,1.0407744,3.804,0.841,0.608,0.213,0.179,0.862,0.299,0.319,0.381,35.66,1.25,0.008,"7/8/2024 16:06",3,63.246,25.88,0.00059,218.1,1.744,0.07,304.9047068,3785.285,0.939,0.179,0.423,0.398,7.694,0.378,0.066,0.556,37.93,1.1,0.129,"7/8/2024 11:03",3,-0.622418798833333,-0.837233167166667,-1.28175769141667,-33.26,933.5,16.37,93.97,2.051,0.045816674792784,289.2564243,0.000158394666267691
"47",47,47,47,47,"2.LTVLLV.3.47",2,"LTVLLV",3,47,0.0453,0.1577,1.04,1.69,2.8877,NA,45.455,3.153,410.83,459.438,288.2371592,"yadi","photosynthesis",8.214208881,282.6766554,0.112423903,1.255961006,19.990791,38.78562441,2.567793224,82.98977856,NA,5.019264684,0.76397465,6.341754503,361.0294834,NA,461.1782657,32.93674464,"bilinear",FALSE,FALSE,"photosynthesis",9.230181155,298.4238375,0.153916688,1.68078162,24.99542101,47.82735236,2.119917875,83.31213531,NA,3.203037374,0.464791671,4.504232603,371.7139883,NA,710.049372,42.74016081,"bilinear",FALSE,FALSE,"photosynthesis",9.361837308,313.1960449,0.198985243,2.331386023,31.00168442,58.11026332,0.792572618,74.60284221,NA,0.616686108,0.11453221,1.900330723,374.073077,NA,1192.257514,57.77258711,"bilinear",FALSE,FALSE,42,2.5691,0.63361,2.57e-06,6.34e-07,2.57e-05,6.34e-06,0.081481129,0.020095465,0.091192185,0.022144495,0.11333668,4.054702419,38.354,26.19,0.00146,0.598,1.4,-0.62,0.3852252,1.272,0.801,0.673,0.181,0.145,1.341,0.417,0.336,0.247,41.65,1.41,0.001,"7/11/2024 13:54",3,50.015,25.94,0.00102,28.955,25.837,0.01,52.9042878,1320.956,0.678,0.089,0.543,0.368,2.376,0.918,-0.395,0.477,42.39,1,0.03,"7/11/2024 7:26",3,-0.8555526615,-1.062714965,-1.86693468741667,-32.67,894.45,14.64,72.87,1.991,0.0365996986438975,288.2371592,0.000126977724681577
"48",48,48,48,48,"2.LTVLLV.3.48",2,"LTVLLV",3,48,0.0491,0.2128,1.63,2.46,4.3028,NA,53.141,3.164,600.84,657.145,249.7227444,"ozzie","photosynthesis",9.345979277,372.6403743,0.702047654,1.265620727,20.01529936,25.49854737,0.51552171,59.14257335,NA,1.018451364,0.182009129,2.971754714,455.2933391,NA,462.1446794,32.9793267,"bilinear",FALSE,FALSE,"photosynthesis",8.590072492,309.7593317,0.162537068,1.742204101,25.00095572,36.45158068,0.810376145,66.17344694,NA,1.107417552,0.184922894,3.470520462,412.4622407,NA,710.3794949,42.75210316,"bilinear",FALSE,FALSE,"photosynthesis",9.38721557,327.6910853,0.250265654,2.330275324,31.01729936,49.17600204,0.946337528,62.2287,NA,-0.430830486,0.134701382,2.480051321,367.8999807,NA,1193.864537,57.8169885,"bilinear",FALSE,FALSE,43,3.277576667,0.870663333,3.28e-06,8.71e-07,3.28e-05,8.71e-06,0.103589654,0.027517804,0.115935641,0.030323652,0.146259293,3.764459282,46.312,23.31,2e-05,-1005.904,1.857,0.32,0.330561,1.113,0.644,0.66,0.207,0.133,1.022,0.228,0.431,0.341,35.17,1.4,-0.02,"7/9/2024 15:21",3,54.43,24.85,0.00059,97.371,6.261,-0.48,74.079252,1444.04,0.562,0.114,0.567,0.319,1.997,1.153,-0.676,0.524,33.35,1.18,0.057,"7/9/2024 7:59",3,-1.00632373333333,-1.48317114483333,-1.94884301325,-33.15,902.5,14.52,86.05,1.981,0.0434376577486118,249.7227444,0.000173943538274729
"49",49,49,49,49,"2.LTVLLV.3.49",2,"LTVLLV",3,49,0.0417,0.1135,0.95,1.32,2.3835,NA,36.19,3.126,342.26,381.576,318.8546256,"yadi","photosynthesis",8.312890128,297.2814403,0.130634705,1.252860341,19.98372023,27.51114811,0.617656119,59.55902863,NA,1.447429788,0.188865032,2.54802954,380.0179247,NA,460.9051687,32.92459298,"bilinear",FALSE,FALSE,"photosynthesis",9.384798014,315.5115228,0.192244371,1.667214095,25.0046153,39.4748412,1.259980435,68.04495513,NA,1.200029864,0.281977634,3.373020632,368.6104517,NA,710.6172919,42.76035764,"bilinear",FALSE,FALSE,"photosynthesis",9.756030628,337.4516197,0.317852529,2.306543992,31.01618635,52.67696091,0.857478202,66.91156192,NA,-0.009592299,0.129069012,2.06754745,369.243001,NA,1193.753061,57.81386583,"bilinear",FALSE,FALSE,44,4.1009,1.00297,4.1e-06,1e-06,4.1e-05,1e-05,0.13118682,0.032084773,0.146821882,0.03535629,0.182178173,4.088756394,40.247,25.01,6e-05,1412.988,4.756,0.66,0.4153113,1.458,0.927,0.633,0.19,0.176,1.068,0.365,0.378,0.257,39.61,0.29,0.085,"7/16/2024 14:02",4,47.35,25.08,0.00081,56.269,7.18,0.21,93.1613022,1500.182,0.031,0.138,0.836,0.026,2.179,0.834,-0.402,0.568,41.03,0.48,0.046,"7/16/2024 7:41",4,-0.712698081833333,-0.997720143083333,-1.40194884091667,-33.01,902.5,14.43,96.85,1.944,0.0498199588477366,318.8546256,0.000156246624159799
"50",50,50,50,50,"2.LTVLLV.3.50",2,"LTVLLV",3,50,0.0459,0.1252,1.05,1.76,2.9352,NA,33.561,3.172,441.3,478.033,268.0591054,"yadi","photosynthesis",10.18312698,333.5364882,0.264663545,1.253649926,20.0154666,31.40018383,0.815679419,69.04151832,NA,1.458732257,0.258727494,2.880871421,392.7157849,NA,462.1560432,32.97972814,"bilinear",FALSE,FALSE,"photosynthesis",11.5039325,321.2186056,0.267729031,1.665776309,25.01345061,47.27301153,1.170398173,82.87885268,NA,1.489086436,0.271408732,4.041880803,377.6821282,NA,711.1486197,42.77950167,"bilinear",FALSE,FALSE,"photosynthesis",11.84110449,340.7306008,0.452833355,2.322417427,31.0271598,63.42447116,1.012822935,82.43694161,NA,-0.113862935,0.146855692,3.106184259,381.664474,NA,1194.877892,57.84500707,"bilinear",FALSE,FALSE,46,4.492513333,1.064216667,4.49e-06,1.06e-06,4.49e-05,1.06e-05,0.141630307,0.033550336,0.158510041,0.03697129,0.195481331,4.221427341,47.406,22.69,2e-05,680.651,5.678,0.02,0.41249655,1.611,1.192,0.569,0.196,0.234,0.902,0.316,0.272,0.413,39.29,1.45,0.014,"7/13/2024 13:34",4,48.723,25.2,0.00065,108.498,5.237,-0.93,133.9546032,1473.648,0.709,0.202,0.467,0.331,-1.287,-0.746,0.178,1.567,39.98,1.49,0.071,"7/13/2024 7:58",4,-0.834209567083333,-1.15080899558333,-1.8441764815,-33.42,962.16,12.43,104.77,2.075,0.0504915662650602,268.0591054,0.000188359825306871
"51",51,51,51,51,"1.HTVHLV.3.51",1,"HTVHLV",3,51,0.045,0.1285,1.19,1.74,3.0585,NA,33.979,3.139,467.69,504.808,264.4280156,"ozzie","photosynthesis",6.848097273,219.4606099,0.060107214,1.360098245,19.99476009,48.56978143,4.945151718,96.07335781,NA,6.45757054,1.258291191,8.336420646,295.2996065,NA,461.3285022,32.94349434,"bilinear",FALSE,FALSE,"photosynthesis",10.67514432,306.4558366,0.201794461,1.773599029,25.0050085,44.71385156,1.107210454,77.05250584,NA,1.228958231,0.249477436,3.04064055,365.6016325,NA,710.6293118,42.7609964,"bilinear",FALSE,FALSE,"photosynthesis",10.3390838,316.6609063,0.238836113,2.455577696,31.02107983,56.2114619,0.8452347,70.07365908,NA,-0.435963632,0.119421623,2.007207349,355.6237133,NA,1194.264963,57.82789424,"bilinear",FALSE,FALSE,47,3.744783333,0.980856667,3.74e-06,9.81e-07,3.74e-05,9.81e-06,0.119298609,0.031247425,0.133516814,0.034433562,0.167950377,3.817870093,41.69,24.68,2e-05,565.702,6.031,0.31,0.3898728,1.384,0.713,0.626,0.218,0.155,1.194,0.285,0.421,0.295,40.54,0.39,0.011,"7/15/2024 13:53",4,52.839,24.93,0.00096,90.46,3.782,0.3,89.1446661,673.807,0.531,0.294,0.461,0.245,1.437,0.662,0.026,0.312,40.66,0.58,0.087,"7/15/2024 7:37",4,-0.720991144,-0.975945982,-1.67239863891667,-33.14,901.35,15.63,92.12,1.956,0.0470961145194274,264.4280156,0.000178105615672243
"52",52,52,52,52,"1.HTVHLV.3.52",1,"HTVHLV",3,52,0.0448,0.1533,1.87,2.48,4.5033,NA,36.769,3.129,627.58,667.478,239.8499674,"gibson","photosynthesis",8.2227198,367.1391068,0.452438256,1.304737462,20.00887266,28.17943564,0.48117004,69.21782545,NA,3.242652818,0.178116446,2.839607929,526.3986565,NA,461.8890704,32.96810949,"bilinear",FALSE,FALSE,"photosynthesis",7.273883733,296.267584,0.116458313,1.861152586,25.00201599,62.64818265,4.941657181,111.6662812,NA,8.443147884,1.14238948,9.203352602,380.5994483,NA,710.4446036,42.75442522,"bilinear",FALSE,FALSE,"photosynthesis",7.981261237,291.327293,0.129911052,2.627630154,31.00708987,67.26366729,1.889808431,87.12107909,NA,2.621084448,0.254332914,5.616143827,376.9540877,NA,1192.811731,57.78792887,"bilinear",FALSE,FALSE,48,4.557143333,1.158916667,4.56e-06,1.16e-06,4.56e-05,1.16e-05,0.145642165,0.037037925,0.163000039,0.04081449,0.203814528,3.932244194,46.048,23.31,0,-49.745,0.877,-0.06,0.2944998,1.113,0.753,0.588,0.235,0.177,0.849,0.267,0.421,0.312,36.78,1.46,0,"7/9/2024 15:18",4,55.74,26.22,0.00073,188.375,2.222,0.53,66.8745693,2251.669,0.746,0.066,0.535,0.399,6.575,-0.12,0.487,0.632,35.46,1.52,0.138,"7/9/2024 8:20",4,-1.11485097383333,-1.828868983,-2.14048249425,-32.62,959.87,14.43,94.18,2.092,0.045019120458891,239.8499674,0.000187697004702161
"53",53,53,53,53,"1.HTVHLV.3.53",1,"HTVHLV",3,53,0.0457,0.1331,1.54,1.91,3.5831,NA,33.37,3.156,487.47,523.996,250.7137491,"ozzie","photosynthesis",8.220508557,231.227562,0.078322938,1.412488737,19.99699493,49.78647063,2.502706065,99.25372453,NA,5.994642939,0.659975927,4.952699455,299.8682653,NA,461.4170441,32.94738702,"bilinear",FALSE,FALSE,"photosynthesis",10.61098164,314.5205795,0.222476077,1.798756742,25.00671227,44.93748349,1.368590322,78.21790304,NA,1.539888221,0.321388628,3.555351214,373.1722753,NA,710.732966,42.76470996,"bilinear",FALSE,FALSE,"photosynthesis",10.01959899,324.5118887,0.260016332,2.452737351,31.02636272,56.72429343,0.93841944,72.48838959,NA,0.219885828,0.141635647,2.156337179,372.3413405,NA,1194.803767,57.84284914,"bilinear",FALSE,FALSE,49,4.234606667,1.067523333,4.23e-06,1.07e-06,4.23e-05,1.07e-05,0.134176384,0.033825201,0.150167747,0.037274181,0.187441928,3.966757948,42.363,22.32,5e-05,1491.71,4.342,-0.09,0.34927875,1.185,0.756,0.655,0.197,0.149,1.594,0.407,0.306,0.287,45.76,1.19,0.075,"7/11/2024 15:43",3,48.341,26.25,0.00012,-1658.457,20.515,-0.3,95.82018525,663.345,0.141,0.321,0.595,0.084,2.621,0.684,0.057,0.259,46.55,1.15,-0.199,"7/11/2024 7:40",3,-0.786400564166667,-1.04457535791667,-1.8874116605,-33.59,904.8,8.25,91.71,1.954,0.0469344933469805,250.7137491,0.000187203508046382
"54",54,54,54,54,"1.HTVHLV.3.54",1,"HTVHLV",3,54,0.0439,0.1383,1.31,1.81,3.2583,NA,39.801,3.143,480.86,523.804,287.7874187,"yadi","photosynthesis",10.34102624,263.4114938,0.124458496,1.266595733,19.99200123,40.19994396,1.121095072,86.06586257,NA,2.590383532,0.321366696,3.315890933,360.4604381,NA,461.2378471,32.93912374,"bilinear",FALSE,FALSE,"photosynthesis",13.133297,313.370338,0.283521021,1.676811665,25.00124332,47.60093462,0.50164236,81.20488304,NA,-0.310113038,0.107691745,2.970817764,356.4590963,NA,710.4011399,42.75280637,"bilinear",FALSE,FALSE,"photosynthesis",13.361753,315.9227543,0.324590429,2.287465098,31.0070399,77.9637497,1.200304162,98.36059496,NA,0.278817208,0.176065468,2.767179606,355.3115952,NA,1192.807999,57.78780619,"bilinear",FALSE,FALSE,50,3.761036667,0.973763333,3.76e-06,9.74e-07,3.76e-05,9.74e-06,0.119663909,0.030981971,0.133925652,0.034141041,0.168066693,3.862372445,41.851,22.11,5e-05,-0.788,4.062,-0.2,0.3692745,1.234,0.752,0.665,0.191,0.144,1.409,0.315,0.393,0.292,40.71,1.59,0,"7/11/2024 15:40",3,44.837,26.23,0.00044,129.365,20.461,-0.66,101.9078064,602.292,0.29,0.376,0.484,0.14,1.327,1.323,-0.079,-0.244,43.05,1.4,0.057,"7/11/2024 7:37",3,-0.822144874083333,-1.20771417683333,-1.59670157241667,-34.03,891.01,9.43,87.49,1.944,0.0450051440329218,287.7874187,0.000156383292348985
"55",55,55,55,55,"1.HTVHLV.3.55",1,"HTVHLV",3,55,0.0443,0.1042,1.21,1.61,2.9242,NA,31.122,3.144,429.83,464.096,298.6756238,"gibson","photosynthesis",5.982101491,241.8869339,0.059638377,1.369116557,19.99491668,47.73196409,3.585200801,97.71553543,NA,7.973315383,0.963084691,6.722945743,319.7127499,NA,461.3363308,32.94380499,"bilinear",FALSE,FALSE,"photosynthesis",11.22576359,296.964434,0.192248378,1.806994194,25.02667457,56.50331243,1.763456028,96.71991056,NA,3.387947207,0.388701319,4.614017337,355.0349213,NA,711.9652083,42.80854628,"bilinear",FALSE,FALSE,"photosynthesis",12.14307302,314.269862,0.283126667,2.482663528,31.03872215,73.41523775,0.846598102,92.03596298,NA,0.72172053,0.118931226,2.955738509,354.0143792,NA,1196.076118,57.87799855,"bilinear",FALSE,FALSE,51,4.545566667,1.184453333,4.55e-06,1.18e-06,4.55e-05,1.18e-05,0.144579092,0.037673452,0.161810268,0.041514818,0.203325086,3.83769165,42.835,22.82,0.00015,4.045,3.639,-0.01,0.3964536,1.343,0.606,0.656,0.214,0.13,1.494,0.321,0.418,0.262,45.7,0.35,0.001,"7/16/2024 15:12",4,50.764,24.91,0.00067,122.89,4.623,0.48,96.8456709,734.514,0.254,0.293,0.564,0.143,2.022,0.573,0.09,0.337,46.62,0.56,0.082,"7/16/2024 7:37",4,-0.931472960916667,-1.32022673141667,-1.8095102805,-33.24,939.23,9.34,106.31,2.024,0.0525247035573123,298.6756238,0.000175858688730768
"56",56,56,56,56,"1.HTVLLV.3.56",1,"HTVLLV",3,56,0.0475,0.179,1.66,2.25,4.089,NA,40.021,3.158,539.64,582.819,223.5810056,"yadi","photosynthesis",14.23465131,261.5510353,0.176280247,1.213184467,19.9947744,55.01733023,1.424517035,114.1461413,NA,3.388734791,0.385476555,3.820848218,324.3868378,NA,461.3348328,32.9436537,"bilinear",FALSE,FALSE,"photosynthesis",17.26078679,288.3752685,0.294606018,1.619059939,24.9999593,83.50347975,2.946938819,143.2083653,NA,3.66910686,0.603195108,6.141543759,339.6578754,NA,710.318128,42.74991763,"bilinear",FALSE,FALSE,"photosynthesis",18.65591563,302.3495673,0.418988012,2.245527737,31.02001123,113.5273727,1.483129539,142.5046927,NA,-0.004242552,0.191622001,2.660437709,338.8413514,NA,1194.142036,57.82467784,"bilinear",FALSE,FALSE,52,3.55189,0.95579,3.55e-06,9.56e-07,3.55e-05,9.56e-06,0.112472768,0.030265674,0.125877458,0.033351708,0.159229166,3.716182425,46.861,23.39,1e-05,917.228,3.86,-0.72,0.7819551,2.657,0.721,0.654,0.201,0.145,1.07,0.22,0.455,0.325,35.12,1.45,0.009,"7/8/2024 15:11",3,47.842,24.84,0.00061,351.978,25.644,-1.93,136.0001385,1314.011,0.57,0.23,0.49,0.28,-0.593,-1.362,0.245,2.117,36.38,1.23,0.215,"7/8/2024 7:59",3,-0.693089866833333,-1.030717859,-1.48560100166667,-33.02,859.95,13.36,69.89,2.012,0.0347365805168986,223.5810056,0.000155364631372329
"57",57,57,57,57,"1.HTVLLV.3.57",1,"HTVLLV",3,57,0.0447,0.1617,1.37,2.05,3.5817,NA,41.494,3.125,533.67,578.289,256.611008,"yadi","photosynthesis",7.841420904,277.9934642,0.102869034,1.261388767,19.99627665,41.79790677,2.173026971,91.23234822,NA,5.88526934,0.655146789,5.661384293,376.2414095,NA,461.3915946,32.94620612,"bilinear",FALSE,FALSE,"photosynthesis",11.31356928,313.4469588,0.23453696,1.685353491,24.9969032,43.65391366,0.450118488,74.68038921,NA,0.285135065,0.098666855,2.559926944,360.4307188,NA,710.1389698,42.74338085,"bilinear",FALSE,FALSE,"photosynthesis",11.84888094,311.8724759,0.262062922,2.322242627,31.00505226,66.01349058,1.069647941,80.02173111,NA,-0.650097121,0.147014471,2.596438943,334.0484459,NA,1192.602298,57.7821386,"bilinear",FALSE,FALSE,53,3.943503333,1.017036667,3.94e-06,1.02e-06,3.94e-05,1.02e-05,0.126192107,0.032545173,0.141231891,0.035863636,0.177095526,3.877444602,43.871,24.27,5e-05,0,4.763,-0.14,0.3492432,1.228,0.677,0.632,0.22,0.149,1.343,0.32,0.399,0.281,42,1.22,0,"7/10/2024 16:06",3,50.521,24.1,0.00053,191.825,28.938,-0.21,142.2700623,1398.919,0.158,0.226,0.668,0.106,1.678,1.624,0.352,-0.976,42.64,1.38,0.102,"7/10/2024 7:57",3,-0.87952642875,-1.20618450858333,-1.76305985166667,-33.27,899.05,16.39,82.24,1.984,0.0414516129032258,256.611008,0.000161534819672373
"58",58,58,58,58,"1.HTVLLV.3.58",1,"HTVLLV",3,58,0.0477,0.1579,1.33,1.8,3.2879,NA,35.404,3.161,401.61,440.175,224.2178594,"gibson","photosynthesis",8.482223626,285.4857588,0.121105363,1.442656432,19.99919415,42.39716006,1.210461078,101.4711895,NA,5.597314951,0.396586783,6.874061307,472.0490162,NA,461.504349,32.95122172,"bilinear",FALSE,FALSE,"photosynthesis",13.17684592,293.7341936,0.226282694,1.862575028,25.01250587,66.31381951,1.413784771,114.8668051,NA,3.300646114,0.302807376,5.189910237,357.4007929,NA,711.088878,42.77740097,"bilinear",FALSE,FALSE,"photosynthesis",14.4293025,316.502487,0.368368805,2.534028855,31.01982408,92.46171035,1.130018539,121.0496763,NA,1.614144746,0.163522574,4.942133119,374.4225796,371,1194.12169,57.82413076,"bilinear",FALSE,FALSE,54,4.564733333,1.182916667,4.56e-06,1.18e-06,4.56e-05,1.18e-05,0.144407888,0.037422229,0.161618659,0.041237979,0.202856638,3.858879887,41.654,23.56,3e-05,-2825.234,3.839,-0.45,0.3942324,1.384,0.574,0.633,0.233,0.134,1.152,0.187,0.417,0.396,40.51,1.52,-0.085,"7/12/2024 14:51",4,49.046,30.31,5e-04,395.356,6.313,-2.96,174.4797312,3657.856,0.812,0.106,0.493,0.401,2.171,1.843,-0.369,-0.474,39.12,1.02,0.198,"7/12/2024 10:56",4,-1.24321533541667,-1.80490085975,-2.49516643141667,-32.39,910.54,6.65,83.79,1.969,0.0425545962417471,224.2178594,0.000189791287614742
"59",59,59,59,59,"1.HTVLLV.3.59",1,"HTVLLV",3,59,0.0475,0.1375,1.56,2.15,3.8475,NA,37.03,3.161,546.24,586.431,269.3090909,"yadi","photosynthesis",10.43508437,268.3981356,0.130709552,1.25937952,20.00322617,40.41852889,0.9504785,85.35654511,NA,2.611708721,0.276339102,3.298734327,349.2164468,371,461.6657647,32.95828373,"bilinear",FALSE,FALSE,"photosynthesis",12.96012521,299.5499313,0.233582556,1.677303935,24.9899844,58.66979064,1.801709236,101.2112042,NA,2.436022007,0.400106593,4.593288106,358.1093936,371,709.7200623,42.72833743,"bilinear",FALSE,FALSE,"photosynthesis",13.53828586,305.3334933,0.283829142,2.332344858,31.00299214,92.43344238,2.35937778,114.7380645,NA,1.966802246,0.333352473,4.928671882,339.6031822,371,1192.3969,57.77637164,"bilinear",FALSE,FALSE,55,3.695333333,0.934156667,3.7e-06,9.34e-07,3.7e-05,9.34e-06,0.116903933,0.029552568,0.130836738,0.03256589,0.163402627,3.955796137,46.214,22.58,8e-05,31.971,1.572,0.09,0.3135357,1.231,1.298,0.566,0.189,0.245,1.481,0.415,0.304,0.28,45.09,1.51,0.003,"7/9/2024 14:09",3,53.444,25.17,0.00084,70.446,5.606,-0.18,186.3759456,4021.056,0.619,0.103,0.554,0.343,3.756,-0.012,-0.124,1.136,47.45,1.09,0.059,"7/9/2024 8:13",3,-0.756194971833333,-0.974803120916667,-1.41833368116667,-33.52,891.01,15.35,89.14,1.968,0.0452947154471545,269.3090909,0.000168188586934755
"60",60,60,60,60,"1.HTVLLV.3.60",1,"HTVLLV",3,60,0.0434,0.1166,1.12,1.62,2.8566,NA,31.111,3.124,424.31,458.545,266.8181818,"ozzie","photosynthesis",10.82769114,344.6586056,0.354871626,1.2902056,20.01138502,31.68356963,0.810284061,70.97104748,NA,1.496020267,0.264090912,2.925204937,410.7248941,371,461.9901518,32.97252155,"bilinear",FALSE,FALSE,"photosynthesis",11.29820909,307.0544142,0.216458867,1.679157827,24.99086935,41.75392062,0.578922127,69.46760365,NA,-0.099652297,0.129544591,2.490448203,341.1096373,371,709.7634312,42.73007413,"bilinear",FALSE,FALSE,"photosynthesis",10.46460427,336.806333,0.343835462,2.282940081,31.01554635,56.20038517,1.01310346,70.37593172,NA,-0.068480338,0.152631755,3.149343459,358.3985835,371,1193.685524,57.81202301,"bilinear",FALSE,FALSE,57,4.471046667,1.080413333,4.47e-06,1.08e-06,4.47e-05,1.08e-05,0.143119292,0.034584294,0.160176485,0.038110674,0.19828716,4.138274241,44.326,23.19,0.00016,10.643,3.435,-0.32,0.3383541,1.249,1.023,0.602,0.197,0.201,1.398,0.33,0.357,0.314,42.48,0.52,0.002,"7/14/2024 14:51",4,49.188,32.6,0.00085,158.453,1.592,-0.79,32.8162104,4051.384,0.256,0.018,0.781,0.2,3.835,0.198,-0.049,0.852,44.83,0.6,0.135,"7/14/2024 10:47",4,-0.91088101425,-1.29800530441667,-1.74870209033333,-33.75,930.05,11.91,96.85,2.022,0.0478981206726014,266.8181818,0.000179515954832885
