"","X.x","full_plant_ID","chamber","treatment","replicate","unique_id","disc_wet_weight","focal_dry_weight","stem_dry_weight","total_leaves_dry_weight","above_biomass_dry_weight","root_biomass_dry_weight","area_focal","disc_area","total_leaf_area","combined_leaf_areas","SLA_focal","machine","photo_resp_20","anet_420_20","ci_420_20","gsw_420_20","vpd_leaf_20","temperature_leaf_20","vcmax_tleaf_20","vcmax_tleaf_se_20","jmax_tleaf_20","jmax_tleaf_se_20","rd_tleaf_20","rd_tleaf_se_20","aci_RMSE_20","aci_ci_transistion_20","aci_ci_transition_set_20","aci_km_20","aci_gammastar_20","aci_fitmethod_20","aci_tcorrect_20","aci_fittpu_20","photo_resp_25","anet_420_25","ci_420_25","gsw_420_25","vpd_leaf_25","temperature_leaf_25","vcmax_tleaf_25","vcmax_tleaf_se_25","jmax_tleaf_25","jmax_tleaf_se_25","rd_tleaf_25","rd_tleaf_se_25","aci_RMSE_25","aci_ci_transistion_25","aci_ci_transition_set_25","aci_km_25","aci_gammastar_25","aci_fitmethod_25","aci_tcorrect_25","aci_fittpu_25","photo_resp_31","anet_420_31","ci_420_31","gsw_420_31","vpd_leaf_31","temperature_leaf_31","vcmax_tleaf_31","vcmax_tleaf_se_31","jmax_tleaf_31","jmax_tleaf_se_31","rd_tleaf_31","rd_tleaf_se_31","aci_RMSE_31","aci_ci_transistion_31","aci_ci_transition_set_31","aci_km_31","aci_gammastar_31","aci_fitmethod_31","aci_tcorrect_31","aci_fittpu_31","X.y","chlA.ugml","chlB.ugml","chlA.gml","chlB.gml","chlA.g","chlB.g","chlA.gm2","chlB.gm2","chlA.mmolm2","chlB.mmolm2","chl.mmolm2","chlA.chlB"
"1",1,"6.HTVHLV.1.1",6,"HTVHLV",1,1,0.0464,0.1157,1.08,1.58,2.7757,NA,30.634,3.086,440.58,474.3,264.7709594,"ozzie","photosynthesis",9.812462364,368.0748752,0.607567666,1.232280454,20.01872319,27.55933569,0.694762166,62.37778375,NA,1.33859658,0.171007625,2.958568501,425.803937,275,462.2817058,32.9853225,"bilinear",FALSE,FALSE,"photosynthesis",10.35854291,284.4220747,0.153581212,1.763500813,25.00844062,49.82161878,1.164474927,83.89948517,NA,1.782265103,0.242834348,2.727268986,346.280834,NA,710.840237,42.76851605,"bilinear",FALSE,FALSE,"photosynthesis",11.17073833,301.1520766,0.211455606,2.45622444,31.03008082,73.84363765,1.034224681,91.91420279,NA,0.864380044,0.138231083,2.013087567,348.9532839,NA,1195.186485,57.85342262,"bilinear",FALSE,FALSE,1,3.55664333333333,1.02199666666667,3.55664333333333e-06,1.02199666666667e-06,3.55664333333333e-05,1.02199666666667e-05,0.115250918124865,0.0331171959386476,0.128986713215146,0.036493984306531,0.165480697521677,3.48009289006161
"2",2,"6.HTVHLV.1.2",6,"HTVHLV",1,2,0.047,0.1072,0.92,1.43,2.4572,NA,29.788,3.039,390.16,422.987,277.8731343,"yadi","photosynthesis",12.34642411,244.5363528,0.132417394,1.242889993,19.99977687,51.29253342,1.33541555,105.7019148,NA,3.167614949,0.357926778,3.51894932,322.261775,NA,461.5273842,32.9522355,"bilinear",FALSE,FALSE,"photosynthesis",16.04601965,290.268988,0.274473321,1.659218928,24.99024525,68.1578937,1.156210269,113.9096398,NA,1.163858048,0.237540565,3.225990638,330.9970355,NA,709.725306,42.72871101,"bilinear",FALSE,FALSE,"photosynthesis",17.32932949,290.8010469,0.323013534,2.264151453,31.01102982,104.1884829,1.549606067,125.4517738,NA,-0.550611097,0.207735745,4.015671197,317.6627144,NA,1193.216431,57.79912145,"bilinear",FALSE,FALSE,12,3.49446666666667,1.00816333333333,3.49446666666667e-06,1.00816333333333e-06,3.49446666666667e-05,1.00816333333333e-05,0.114987386201601,0.0331741801031041,0.128691773121287,0.0365567788501042,0.165248551971391,3.4661711561288
"3",3,"6.HTVHLV.1.3",6,"HTVHLV",1,3,0.0387,0.0934,1.04,1.62,2.7534,NA,29.862,2.92,454.62,487.402,319.7216274,"yadi","photosynthesis",12.84330809,357.2383308,0.642318262,1.23054279,20.01079167,37.78126374,0.980786267,87.5559393,NA,1.79674273,0.340625913,3.905813813,440.7291674,NA,461.9682775,32.97152611,"bilinear",FALSE,FALSE,"photosynthesis",14.86896565,280.2412878,0.225156163,1.669436973,25.003988,68.42334959,0.849809072,112.3661576,NA,1.548723771,0.169104757,3.462807631,319.9856719,NA,710.5650235,42.75873166,"bilinear",FALSE,FALSE,"photosynthesis",16.1907935,285.790603,0.279235795,2.303421256,31.01539704,111.264622,1.454537218,136.6898589,NA,1.178716439,0.184201913,2.767335612,326.8417926,NA,1193.665471,57.81153401,"bilinear",FALSE,FALSE,23,3.18933333333333,0.902346666666666,3.18933333333333e-06,9.02346666666666e-07,3.18933333333333e-05,9.02346666666666e-06,0.109223744292237,0.0309022831050228,0.122241210833944,0.0340532283216226,0.156294439155567,3.53448785389207
"4",4,"6.HTVHLV.1.4",6,"HTVHLV",1,4,0.0466,0.1392,1.09,1.7,2.9292,NA,33.982,3.138,473.92,511.04,244.1235632,"ozzie","photosynthesis",10.42686407,351.6951583,0.395707473,1.25618399,20.00618152,30.67841853,0.416497231,73.59773201,NA,1.814879289,0.147836912,2.488353055,490.6095982,NA,461.7823028,32.96341857,"bilinear",FALSE,FALSE,"photosynthesis",6.910293477,275.4513732,0.0904952,1.809301886,24.9927592,38.99896794,1.020401853,75.54580605,NA,2.380403105,0.203885203,5.461321556,471.5583029,300,709.8781767,42.73418907,"bilinear",FALSE,FALSE,"photosynthesis",7.675555913,254.645923,0.089253848,2.52592968,30.99571023,64.43134515,1.198302314,86.69549501,NA,1.150450486,0.157719451,4.247866382,405.0158546,NA,1191.640126,57.75556426,"bilinear",FALSE,FALSE,34,4.28313666666667,1.26484333333333,4.28313666666667e-06,1.26484333333333e-06,4.28313666666667e-05,1.26484333333333e-05,0.136492564265987,0.0403073082642872,0.152759973885001,0.0444172350207579,0.197177208905759,3.38629817131503
"5",5,"6.HTVHLV.1.5",6,"HTVHLV",1,5,0.0427,0.112,1.16,1.76,3.032,NA,31.733,3.002,491.48,526.215,283.3303571,"ozzie","photosynthesis",9.517678178,233.377724,0.092764882,1.33874288,20.00465818,57.96456287,4.805815289,114.7022487,NA,7.822969807,1.405647406,13.07868806,290.2250492,NA,461.7229365,32.96078822,"bilinear",FALSE,FALSE,"photosynthesis",12.54483636,306.3439469,0.24398609,1.709052474,25.00990519,51.15767058,1.338552144,87.64338929,NA,1.130240515,0.294423963,3.259095037,357.968407,NA,710.9317755,42.77175302,"bilinear",FALSE,FALSE,"photosynthesis",12.75581409,314.4847086,0.297793497,2.358351258,31.02618439,66.92955395,1.112109559,82.33311024,NA,-1.309585954,0.147217312,2.42533933,343.6775529,NA,1194.78353,57.84231626,"bilinear",FALSE,FALSE,45,3.76295333333333,1.08217666666667,3.76295333333333e-06,1.08217666666667e-06,3.76295333333333e-05,1.08217666666667e-05,0.125348212302909,0.0360485232067511,0.140287419618034,0.0397242037827708,0.180011623400804,3.47720797282021
"6",6,"6.HTVLLV.1.6",6,"HTVLLV",1,6,0.0352,0.2045,3.34,4,7.5445,NA,45.717,2.853,834.5,883.07,223.5550122,"gibson","photosynthesis",18.29165935,295.8633275,0.338135922,1.328462668,19.98088831,66.58235082,0.868642361,141.8513433,NA,4.93764814,0.259882842,2.427396648,334.4390569,NA,460.7776959,32.9193038,"bilinear",FALSE,FALSE,"photosynthesis",21.01718009,271.7507182,0.324851771,1.776407826,24.99860615,109.5512046,0.88346301,184.1639086,NA,4.469856062,0.177368532,3.738887856,311.0610235,NA,710.2358744,42.74696955,"bilinear",FALSE,FALSE,"photosynthesis",22.27313583,265.2320215,0.34473182,2.529561698,31.01735494,170.9709389,1.18265465,214.2327122,NA,2.334142735,0.142970968,2.479023797,312.5505876,NA,1193.884656,57.81734423,"bilinear",FALSE,FALSE,56,3.26025,0.93285,3.26025e-06,9.3285e-07,3.26025e-05,9.3285e-06,0.114274447949527,0.0326971608832808,0.127893865708864,0.0360311204593879,0.163924986168252,3.49493487698987
"7",7,"6.HTVLLV.1.7",6,"HTVLLV",1,7,0.039,0.1417,1.64,2.28,4.0617,NA,34.198,2.561,564.77,601.529,241.340861,"gibson","photosynthesis",15.19881488,269.369081,0.205231329,1.335942828,19.99625283,67.47695382,2.129261726,139.0694693,NA,6.676432539,0.593764022,4.837022864,310.4861196,NA,461.3896954,32.94614231,"bilinear",FALSE,FALSE,"photosynthesis",17.97040451,282.0507593,0.293413486,1.809819055,25.02667657,88.7527345,1.427828592,149.7304255,NA,3.526842328,0.294516769,4.383968699,326.7642487,NA,711.9626218,42.80850098,"bilinear",FALSE,FALSE,"photosynthesis",14.10560588,241.7893841,0.161075053,2.549036351,31.00025607,145.1815741,4.625450577,179.1117939,NA,4.537743477,0.524963611,6.21706076,315.2180138,NA,1192.109299,57.76850883,"bilinear",FALSE,FALSE,58,2.85813333333333,0.842046666666666,2.85813333333333e-06,8.42046666666666e-07,2.85813333333333e-05,8.42046666666666e-06,0.111602238708838,0.0328796043212287,0.124903178150035,0.0362321667065894,0.161135344856624,3.39426951792062
"8",8,"6.HTVLLV.1.8",6,"HTVLLV",1,8,0.0425,0.1187,1.2,1.81,3.1287,NA,33.337,3.145,493.54,530.022,280.8508846,"gibson","photosynthesis",13.55664767,294.5129989,0.226871367,1.35205151,20.00363241,51.65603489,1.266606614,108.6220822,NA,4.466583287,0.389052536,3.945710685,337.3352973,NA,461.681861,32.95899135,"bilinear",FALSE,FALSE,"photosynthesis",15.44891149,291.6032147,0.26851974,1.80843556,25.024073,70.56419618,0.871053856,120.1234912,NA,2.218581828,0.184733447,5.318151895,343.1717844,NA,711.8040336,42.80282261,"bilinear",FALSE,FALSE,"photosynthesis",16.48200074,313.5324984,0.423185164,2.46041197,31.04870657,103.7376995,1.132203049,131.0430352,NA,1.181902302,0.155464241,3.139058948,347.6864584,NA,1197.10392,57.90639291,"bilinear",FALSE,FALSE,59,3.48864,0.99705,3.48864e-06,9.9705e-07,3.48864e-05,9.9705e-06,0.110926550079491,0.0317027027027027,0.124146959832001,0.0349352625460927,0.159082222378094,3.49896193771626
"9",9,"6.HTVLLV.1.9",6,"HTVLLV",1,9,0.0319,0.0957,1.06,1.62,2.7757,NA,31.13,2.589,464.49,498.209,325.2873563,"gibson","photosynthesis",9.093611175,259.3276941,0.105690386,1.425433145,19.99253982,60.04092873,3.987273613,122.3123882,NA,9.885978499,1.223114278,10.16923097,307.7626492,NA,461.2401786,32.93961868,"bilinear",FALSE,FALSE,"photosynthesis",12.15945503,314.3102257,0.263695078,1.858396221,25.0143583,65.04917723,3.031675756,114.580659,NA,5.264893614,0.69867895,6.748985718,370.5156207,NA,711.2027513,42.78146013,"bilinear",FALSE,FALSE,"photosynthesis",12.23758226,325.8223708,0.348315371,2.576662013,31.02442373,75.50364476,0.819987439,98.26176008,NA,1.068459457,0.118166528,4.804460311,377.6617993,NA,1194.603868,57.83733084,"bilinear",FALSE,FALSE,60,3.10147333333333,0.810956666666666,3.10147333333333e-06,8.10956666666666e-07,3.10147333333333e-05,8.10956666666666e-06,0.119794257757178,0.0313231620960474,0.134071535581222,0.0345170221561565,0.168588557737379,3.82446246614082
"10",10,"6.HTVLLV.1.10",6,"HTVLLV",1,10,0.0406,0.158,1.41,2.07,3.638,NA,33.428,2.673,476.28,512.381,211.5696203,"gibson","photosynthesis",16.64558279,282.7818235,0.258407415,1.329324883,19.99402013,65.4956554,1.503119515,140.1910213,NA,5.751115607,0.445434017,3.611644598,339.3577508,NA,461.2999703,32.94222378,"bilinear",FALSE,FALSE,"photosynthesis",18.51341247,273.4312938,0.279482278,1.757311222,24.98437564,100.2815476,1.680028099,171.1791266,NA,5.116185302,0.337387256,3.833232969,325.6108356,NA,709.3658295,42.71587376,"bilinear",FALSE,FALSE,"photosynthesis",18.56002046,274.8329654,0.299945525,2.489336449,31.07424813,148.3843671,1.478250845,186.3399234,NA,3.713112146,0.191687271,4.022772304,326.0528467,NA,1199.801018,57.97995858,"bilinear",FALSE,FALSE,2,3.22138,0.96347,3.22138e-06,9.6347e-07,3.22138e-05,9.6347e-06,0.120515525626637,0.0360445192667415,0.13487876534861,0.039719791581806,0.174598556930416,3.34351873955598
"11",11,"5.HTVHLV.2.11",5,"HTVHLV",2,11,0.0473,0.1567,1.18,1.85,3.1867,NA,43.15,3.084,559.47,605.704,275.3669432,"gibson","photosynthesis",8.003002023,353.8548317,0.295660249,1.363124358,20.01730607,28.72562707,1.126554613,66.34129059,NA,3.105789301,0.38084651,4.489137628,446.9546434,NA,462.2285622,32.98292411,"bilinear",FALSE,FALSE,"photosynthesis",8.466827443,299.053972,0.142075791,1.82095985,24.99444876,39.70838662,0.79615411,66.81573987,NA,1.881955623,0.175934197,2.726343163,350.231995,NA,709.9820866,42.73789224,"bilinear",FALSE,FALSE,"photosynthesis",8.948720001,325.7512245,0.232828126,2.502388991,31.02016991,54.06598383,0.758418228,66.45587946,NA,0.673693523,0.107818923,2.506816815,347.1057877,NA,1194.158507,57.82513098,"bilinear",FALSE,FALSE,3,3.92334,1.12143,3.92334e-06,1.12143e-06,3.92334e-05,1.12143e-05,0.127215953307393,0.0363628404669261,0.142377761085375,0.0400705703405358,0.18244833142591,3.49851528851556
"12",12,"5.HTVHLV.2.12",5,"HTVHLV",2,12,0.0466,0.1623,1.44,2.15,3.7523,NA,38.761,3.108,579.85,621.719,238.823167,"gibson","photosynthesis",14.27921399,288.6434582,0.227615695,1.378065088,19.99537082,49.62430247,0.568814101,102.4597357,NA,2.761948358,0.164813288,3.413244878,324.7007289,NA,461.3529055,32.94456295,"bilinear",FALSE,FALSE,"photosynthesis",15.82231081,298.4550086,0.301134298,1.850329022,25.02534457,72.22516291,0.980483971,123.5315599,NA,2.380570008,0.208656475,5.960942701,345.4770268,NA,711.8782122,42.8055359,"bilinear",FALSE,FALSE,"photosynthesis",16.95336389,332.847705,0.653960272,2.484393164,31.09542134,92.92863768,2.126986709,104.0945276,NA,-0.318072066,0.269855922,4.021599351,284.2878787,NA,1201.933949,58.03953409,"bilinear",FALSE,FALSE,4,3.98091666666667,1.16458333333333,3.98091666666667e-06,1.16458333333333e-06,3.98091666666667e-05,1.16458333333333e-05,0.128086121836122,0.0374705062205062,0.143351637738942,0.0412911790147401,0.184642816753682,3.41831842576029
"13",13,"5.HTVHLV.2.13",5,"HTVHLV",2,13,0.0434,0.1504,1.37,2.25,3.7704,NA,39.494,3.141,575.34,617.975,262.5930851,"ozzie","photosynthesis",10.82743082,233.6836721,0.107051796,1.333042421,19.99204095,49.95554968,1.590198034,98.60904186,NA,3.136798813,0.40050409,3.745840981,293.0364209,NA,461.2226408,32.93880168,"bilinear",FALSE,FALSE,"photosynthesis",15.1732865,289.5584778,0.254536567,1.720755839,25.0134826,61.62337459,0.634084746,102.5362173,NA,0.264901793,0.129690727,2.683066131,332.2490902,NA,711.1515849,42.77959014,"bilinear",FALSE,FALSE,"photosynthesis",13.50774655,272.0247349,0.194792317,2.440272354,31.02087283,91.84722431,1.0884585,108.3785624,NA,0.246320813,0.138901227,2.921432027,310.5562505,NA,1194.237897,57.82722667,"bilinear",FALSE,FALSE,5,3.90532333333333,1.11563666666667,3.90532333333333e-06,1.11563666666667e-06,3.90532333333333e-05,1.11563666666667e-05,0.124333757826595,0.0355185185185185,0.139152060778944,0.0391401572707842,0.178292218049728,3.50053332775605
"14",14,"5.HTVHLV.2.14",5,"HTVHLV",2,14,0.0411,0.1125,1.17,1.77,3.0525,NA,31.964,2.991,503.76,538.715,284.1244444,"gibson","photosynthesis",9.078861768,256.0769073,0.102776854,1.420873293,19.99314369,49.109303,1.937976038,97.99155713,NA,6.26524226,0.54549402,4.341962984,300.7700385,NA,461.2639442,32.94066679,"bilinear",FALSE,FALSE,"photosynthesis",11.87649981,306.4755529,0.231194689,1.837759644,25.01469903,55.2645368,1.148989553,94.79463244,NA,2.516791252,0.254388551,3.999669715,356.7786022,NA,711.2248059,42.78222709,"bilinear",FALSE,FALSE,"photosynthesis",9.591777204,257.6575219,0.117705599,2.617730866,30.98842767,86.15668888,1.745694489,103.9854528,NA,2.235373183,0.210456649,2.791343518,324.3641341,NA,1190.894206,57.73490525,"bilinear",FALSE,FALSE,6,3.89244333333333,1.05297666666667,3.89244333333333e-06,1.05297666666667e-06,3.89244333333333e-05,1.05297666666667e-05,0.130138526691185,0.0352048367324195,0.145648651600077,0.0387944909830842,0.184443142583161,3.69660929491948
"15",15,"5.HTVHLV.2.15",5,"HTVHLV",2,15,0.0449,0.1183,0.78,1.3,2.1983,NA,35.484,3.165,350.34,388.989,299.9492815,"ozzie","photosynthesis",11.1641909,347.3268296,0.394151493,1.307658389,20.01771652,44.39469304,2.997080548,102.0512193,NA,5.746283082,1.023802351,8.003113139,424.9093543,NA,462.2418959,32.98357076,"bilinear",FALSE,FALSE,"photosynthesis",12.46172716,322.0899149,0.303323209,1.722931595,25.01732689,46.17888091,0.556535126,79.19702346,NA,0.225963348,0.125236783,2.85030372,361.6880291,NA,711.3860459,42.7879799,"bilinear",FALSE,FALSE,"photosynthesis",10.68884427,279.4868072,0.159474924,2.458351757,31.00969375,80.23592397,2.136460115,97.86221867,NA,1.858021426,0.308346107,4.705298805,333.3671629,NA,1193.08495,57.79540509,"bilinear",FALSE,FALSE,7,3.88324333333333,1.11161666666667,3.88324333333333e-06,1.11161666666667e-06,3.88324333333333e-05,1.11161666666667e-05,0.122693312269616,0.0351221695629279,0.137316104206574,0.0387033946719207,0.176019498878494,3.49332953506155
"16",16,"5.HTVLLV.2.16",5,"HTVLLV",2,16,0.0395,0.0969,0.65,1.14,1.8869,NA,33.07,2.967,297.42,333.457,341.2796698,"yadi","photosynthesis",7.697973724,379.1212659,0.718806264,1.214665714,20.01838825,27.02178568,1.47723824,65.77573593,NA,3.266616212,0.54354513,4.827956815,515.6379128,NA,462.2686247,32.98474351,"bilinear",FALSE,FALSE,"photosynthesis",8.943735652,326.8117655,0.213307543,1.658848052,24.98540349,37.17233529,1.452929888,65.82840518,NA,1.422967393,0.33739636,3.881588555,390.4628724,NA,709.4395322,42.71831922,"bilinear",FALSE,FALSE,"photosynthesis",9.455837191,337.1346328,0.302036382,2.292616956,31.00899261,49.13804806,0.779930529,61.83364751,NA,-0.401273307,0.119519976,2.254719277,363.7939283,NA,1193.005983,57.79331777,"bilinear",FALSE,FALSE,8,3.59022333333333,0.952716666666666,3.59022333333333e-06,9.52716666666666e-07,3.59022333333333e-05,9.52716666666666e-06,0.121005167958656,0.0321104370295472,0.135426764063812,0.0353845714233498,0.170811335487161,3.76840613683677
"17",17,"5.HTVLLV.2.17",5,"HTVLLV",2,17,0.0417,0.1225,0.84,1.42,2.3825,NA,34.913,3.109,359.49,397.512,285.0040816,"gibson","photosynthesis",7.158800838,228.2007816,0.066498001,1.485732659,20.00073805,53.92585541,3.089517228,103.3660379,NA,8.16137062,0.803891596,5.220382875,272.6630366,NA,461.5656697,32.95391447,"bilinear",FALSE,FALSE,"photosynthesis",11.15977689,302.7449645,0.205704517,1.914008151,25.01064805,49.34568425,0.607213085,85.39887024,NA,1.607835864,0.13451028,4.745773205,366.4866492,NA,710.9756149,42.77334727,"bilinear",FALSE,FALSE,"photosynthesis",11.41523108,342.1919786,0.454029405,2.709076555,31.01016333,65.94131317,2.011720099,83.85456452,NA,1.072299956,0.248539747,8.576999672,365.0590847,300,1193.141077,57.79684746,"bilinear",FALSE,FALSE,9,3.79139666666667,1.06976333333333,3.79139666666667e-06,1.06976333333333e-06,3.79139666666667e-05,1.06976333333333e-05,0.121949072584968,0.0344085986919695,0.136483164805059,0.0379170646875043,0.174400229492563,3.54414527823911
"18",18,"5.HTVLLV.2.18",5,"HTVLLV",2,18,0.0383,0.0906,0.61,1.01,1.7106,NA,30.24,2.94,253.04,286.22,333.7748344,"ozzie","photosynthesis",7.810347731,330.7920601,0.184615807,1.31776862,20.00140664,20.74377788,0.523018277,47.76824719,NA,0.428303542,0.132988291,2.94358024,451.1053674,300,461.593269,32.95510492,"bilinear",FALSE,FALSE,"photosynthesis",7.990515448,322.4764529,0.175686266,1.735938676,24.99758139,27.81349036,0.77270049,49.25916221,NA,-0.14041699,0.139277951,2.111666481,396.3058748,300,710.17268,42.74472036,"bilinear",FALSE,FALSE,"photosynthesis",7.684845906,342.5802903,0.261281875,2.371791002,31.0204268,41.31546664,1.43887096,47.67652008,NA,-0.44275321,0.153663435,2.564405058,311.8884827,300,1194.182562,57.82582869,"bilinear",FALSE,FALSE,10,3.12769333333333,0.860966666666666,3.12769333333333e-06,8.60966666666666e-07,3.12769333333333e-05,8.60966666666666e-06,0.106384126984127,0.0292845804988662,0.119063163237263,0.0322705769875216,0.151333740224785,3.63276936776492
"19",19,"5.HTVLLV.2.19",5,"HTVLLV",2,19,0.0393,0.0927,0.7,1.21,2.0027,NA,32.201,2.986,333.17,368.357,347.3678533,"ozzie","photosynthesis",6.702177088,334.9143772,0.164195413,1.319094178,19.99418767,27.46581057,1.810133353,61.49320137,NA,3.60891865,0.610885339,4.959001845,413.4002557,NA,461.3058036,32.94249683,"bilinear",FALSE,FALSE,"photosynthesis",7.053821068,313.4897698,0.135168582,1.737623125,24.99453602,27.15370246,0.755713075,46.84521706,NA,0.329869149,0.169930554,2.143499249,375.2296828,NA,709.9882597,42.73809832,"bilinear",FALSE,FALSE,"photosynthesis",6.498344938,346.1962402,0.23022791,2.353031452,31.01029754,31.8151644,0.745566489,40.13471569,NA,-0.40819435,0.124368102,2.946648472,371.1886305,NA,1193.141302,57.79704241,"bilinear",FALSE,FALSE,11,3.70813666666667,0.949053333333333,3.70813666666667e-06,9.49053333333333e-07,3.70813666666667e-05,9.49053333333333e-06,0.12418408126814,0.031783433802188,0.138984545520632,0.0350242253762526,0.174008770896885,3.90719524016915
"20",20,"5.HTVLLV.2.20",5,"HTVLLV",2,20,0.0424,0.1145,0.67,1.1,1.8845,NA,38.18,3.111,320.48,361.771,333.4497817,"gibson","photosynthesis",4.239409839,306.3695968,0.069513868,1.408428199,19.99940325,29.42545255,1.934657379,62.80365776,NA,5.909771463,0.621008565,4.914059136,366.2692055,NA,461.5130414,32.95159544,"bilinear",FALSE,FALSE,"photosynthesis",5.356250215,354.7743868,0.201325033,1.768812496,25.01659795,23.3208053,0.661709227,41.41646797,NA,1.580954138,0.180924775,3.325686346,401.8804053,NA,711.3454446,42.78645978,"bilinear",FALSE,FALSE,"photosynthesis",4.618365277,351.2405829,0.181264401,2.665148509,31.00597771,44.15193736,2.209501483,57.48349525,NA,3.535660601,0.354510385,3.969728759,389.26281,NA,1192.718619,57.78505941,"bilinear",FALSE,FALSE,13,3.63591666666667,1.19224333333333,3.63591666666667e-06,1.19224333333333e-06,3.63591666666667e-05,1.19224333333333e-05,0.116872924033001,0.0383234758384228,0.130802032470819,0.0422311215119208,0.173033153982739,3.04964310976786
"21",21,"4.LTVHLV.1.21",4,"LTVHLV",1,21,0.05,0.2278,2.31,3.58,6.1178,NA,51.112,3.273,882.51,936.895,224.3722564,"yadi","photosynthesis",13.51644278,333.9315374,0.388719315,1.22552502,20.01548096,46.93023413,0.864090699,108.9579473,NA,4.075948763,0.287562447,3.151275309,432.4760305,NA,462.1642453,32.97993141,"bilinear",FALSE,FALSE,"photosynthesis",17.05047043,276.2380263,0.256336282,1.662047797,24.99650553,89.08765368,1.734581253,151.7341975,NA,4.033821325,0.350398392,4.232467708,331.6172377,NA,710.1134264,42.74248928,"bilinear",FALSE,FALSE,"photosynthesis",18.99334992,251.6658323,0.24539946,2.311043705,31.01149225,176.8984029,3.580515128,222.1632217,NA,5.064655534,0.434293475,6.235565106,310.6996226,NA,1193.2707,57.80052811,"bilinear",FALSE,FALSE,14,3.7444,1.10393,3.7444e-06,1.10393e-06,3.7444e-05,1.10393e-05,0.114402688664833,0.033728383745799,0.128037390364779,0.0371674917581837,0.165204882122962,3.39188173163153
"22",22,"4.LTVHLV.1.22",4,"LTVHLV",1,22,0.0424,0.1327,1.1,1.93,3.1627,NA,43.766,3.201,603.71,650.677,329.8116051,"ozzie","photosynthesis",7.523088218,326.4361373,0.166397282,1.369084359,20.00102233,21.78940986,0.458224276,47.60403169,NA,0.708196591,0.147887995,2.316196426,393.855545,NA,461.5772383,32.95441676,"bilinear",FALSE,FALSE,"photosynthesis",7.057277329,280.1564606,0.096589094,1.836845126,24.98609153,30.69004393,0.528073054,50.38417991,NA,0.440902625,0.111275677,1.937991199,336.6203131,NA,709.4694862,42.71960024,"bilinear",FALSE,FALSE,"photosynthesis",7.076966935,333.8811104,0.199807817,2.43027922,31.00001457,36.44674669,0.815808167,43.70668516,NA,-0.46004207,0.115125704,1.932220224,335.866056,NA,1192.082051,57.76778918,"bilinear",FALSE,FALSE,15,3.85694666666667,1.01384333333333,3.85694666666667e-06,1.01384333333333e-06,3.85694666666667e-05,1.01384333333333e-05,0.120491929605332,0.0316727064459023,0.134852357114449,0.0349022077268696,0.169754564841319,3.80428271297669
"23",23,"4.LTVHLV.1.23",4,"LTVHLV",1,23,0.0423,0.1648,1.32,2.06,3.5448,NA,48.786,3.055,630.71,682.551,296.0315534,"ozzie","photosynthesis",6.171733136,217.2491315,0.0532526,1.384204321,20.00370837,40.85159063,3.487980661,78.28436377,NA,5.147599341,0.888251161,6.120024944,279.316721,NA,461.6840873,32.9591054,"bilinear",FALSE,FALSE,"photosynthesis",8.47828474,317.5525742,0.176785702,1.749831035,24.99671017,31.08885948,0.616771892,54.20770493,NA,-0.012742436,0.138845278,2.050240715,381.718905,NA,710.1192525,42.74281364,"bilinear",FALSE,FALSE,"photosynthesis",8.236494412,330.0566696,0.222260854,2.336896659,31.00322682,41.97426244,0.795546518,53.20550434,NA,-0.477520328,0.126537896,2.688644059,370.9526419,NA,1192.415277,57.77695953,"bilinear",FALSE,FALSE,16,4.00813333333333,1.11173666666667,4.00813333333333e-06,1.11173666666667e-06,4.00813333333333e-05,1.11173666666667e-05,0.131199127114021,0.0363907255864702,0.146835656135937,0.0401012987608078,0.186936954896744,3.60529022160524
"24",24,"4.LTVHLV.1.24",4,"LTVHLV",1,24,0.0493,0.215,2.49,3.73,6.435,NA,46.383,3.18,886.52,936.083,215.7348837,"ozzie","photosynthesis",16.29964094,274.776093,0.232742755,1.247963309,19.99978588,69.83130601,3.193514914,149.8960105,NA,7.165623109,0.92721406,6.820295056,337.8665022,NA,461.5285596,32.95227028,"bilinear",FALSE,FALSE,"photosynthesis",19.33055143,272.0639404,0.289070279,1.658096345,24.99852635,99.64739979,2.091702353,168.125215,NA,4.371495997,0.418317401,3.813840775,319.338439,NA,710.2312551,42.74679994,"bilinear",FALSE,FALSE,"photosynthesis",19.65695133,244.0946353,0.240830968,2.313896225,31.00242614,156.3232469,1.214024285,192.0295372,NA,1.119597024,0.138818565,2.072739012,308.2866684,NA,1192.385158,57.77539979,"bilinear",FALSE,FALSE,17,3.72937333333333,1.15145666666667,3.72937333333333e-06,1.15145666666667e-06,3.72937333333333e-05,1.15145666666667e-05,0.117275890985325,0.0362093291404612,0.131253025691179,0.0399014062618723,0.171154431953051,3.23883081430188
"25",25,"4.LTVHLV.1.25",4,"LTVHLV",1,25,0.0457,0.2218,2.95,4.32,7.4918,NA,47.228,3.112,1004.91,1055.25,212.9305681,"ozzie","photosynthesis",18.94949671,289.5801708,0.326449267,1.234623218,20.00755058,54.59276818,0.606902097,112.2299838,NA,-0.073485906,0.172942191,2.156650255,318.4251324,NA,461.8379737,32.96583656,"bilinear",FALSE,FALSE,"photosynthesis",21.61958877,275.9753709,0.348309364,1.68797176,25.02452126,119.9833148,5.129946675,205.9355085,NA,6.670074218,1.033689622,8.936604442,317.0462245,NA,711.8253435,42.80369043,"bilinear",FALSE,FALSE,"photosynthesis",22.91197504,281.4714736,0.420869586,2.311217912,31.04195903,144.0131302,1.881966481,176.1100499,NA,-0.407203763,0.245900227,4.572107658,312.31052,NA,1196.438219,57.88759979,"bilinear",FALSE,FALSE,18,4.0687,1.20821,4.0687e-06,1.20821e-06,4.0687e-05,1.20821e-05,0.130742287917738,0.0388242287917738,0.146324370088458,0.0427829336416342,0.189107303730092,3.36754372170401
"26",26,"4.LTVLLV.1.26",4,"LTVLLV",1,26,0.0485,0.2046,1.74,2.86,4.8046,NA,48.797,3.189,759.72,811.706,238.4995112,"gibson","photosynthesis",9.596736469,209.5334269,0.081856526,1.442315125,19.99430631,73.75207793,3.546972681,144.737524,NA,9.733595324,0.854248243,7.042104271,275.0469488,NA,461.3113808,32.94272392,"bilinear",FALSE,FALSE,"photosynthesis",16.65368627,290.5377206,0.293018845,1.871256059,25.02811477,78.97486019,1.393690298,136.0130147,NA,2.779258948,0.287532754,5.437555747,346.2472606,NA,712.050043,42.81163432,"bilinear",FALSE,FALSE,"photosynthesis",12.81959662,240.3387645,0.142987153,2.579100975,30.99375214,124.0271915,2.638590108,149.2248611,NA,2.998378865,0.287846094,4.222091918,309.6115036,NA,1191.439534,57.75000913,"bilinear",FALSE,FALSE,19,4.66716,1.30209,4.66716e-06,1.30209e-06,4.66716e-05,1.30209e-05,0.146351834430856,0.0408306679209784,0.163794288179042,0.0449939589418695,0.208788247120912,3.5843605280741
"27",27,"4.LTVLLV.1.27",4,"LTVLLV",1,27,0.0384,0.1286,1.06,1.93,3.1186,NA,42.038,3.023,587.17,632.231,326.8895801,"yadi","photosynthesis",7.864077078,329.3146521,0.180701242,1.248268418,19.99783879,26.05226947,1.116105707,57.87368885,NA,2.113603233,0.359163427,3.571687065,406.7806027,NA,461.4504763,32.94885685,"bilinear",FALSE,FALSE,"photosynthesis",8.158089138,320.374105,0.174320198,1.671892119,24.99742491,37.43316354,1.29074955,65.61381998,NA,2.01973732,0.326996309,4.351707076,382.4963671,NA,710.1627559,42.74437188,"bilinear",FALSE,FALSE,"photosynthesis",8.565419029,330.5921421,0.234006527,2.304197922,31.00187672,50.9342423,1.451720446,65.50454777,NA,0.829424828,0.244380563,4.452847188,377.894073,NA,1192.27334,57.77307936,"bilinear",FALSE,FALSE,20,3.77966666666667,0.999773333333333,3.77966666666667e-06,9.99773333333333e-07,3.77966666666667e-05,9.99773333333333e-06,0.125030323078619,0.0330722240599845,0.139931643830085,0.0364444268791085,0.176376070709194,3.78052358534601
"28",28,"4.LTVLLV.1.28",4,"LTVLLV",1,28,0.043,0.1463,1.42,2.43,3.9963,NA,42.53,3.1,700.89,746.52,290.7040328,"gibson","photosynthesis",10.22964098,307.3840878,0.18732249,1.390051364,20.00879955,37.24684991,0.739560943,78.9213768,NA,3.273419824,0.229713606,3.573294297,354.5381519,NA,461.8869559,32.96800037,"bilinear",FALSE,FALSE,"photosynthesis",11.16215822,351.313071,0.483429162,1.686928418,25.01066899,40.30322345,0.532615492,68.14935413,NA,0.820327928,0.11284864,2.234799138,354.0624997,NA,710.9766205,42.77338801,"bilinear",FALSE,FALSE,"photosynthesis",9.000248416,313.430125,0.195605219,2.657661835,31.01772751,65.46425344,1.176739323,85.02053118,NA,1.953688034,0.164382716,4.573854715,379.9480901,NA,1193.90586,57.81816829,"bilinear",FALSE,FALSE,21,4.13294666666667,1.06409333333333,4.13294666666667e-06,1.06409333333333e-06,4.13294666666667e-05,1.06409333333333e-05,0.133320860215054,0.0343255913978495,0.149210260898091,0.0378255935709715,0.187035854469063,3.88400766850025
"29",29,"4.LTVLLV.1.29",4,"LTVLLV",1,29,0.0371,0.1108,0.69,1.29,2.0908,NA,40.188,2.996,377.53,420.714,362.7075812,"gibson","photosynthesis",12.17973168,303.2371913,0.21968303,1.352575404,20.00957144,41.37352109,0.878405167,86.8978233,NA,2.682736958,0.265483051,3.562897474,344.2955922,NA,461.9185472,32.96936839,"bilinear",FALSE,FALSE,"photosynthesis",12.65995122,275.8063135,0.17994964,1.837964341,25.01195294,61.52311539,0.945194603,99.55093835,NA,2.139054305,0.187784175,3.781417518,314.2126368,NA,711.0577453,42.77624174,"bilinear",FALSE,FALSE,"photosynthesis",13.68017865,340.4272115,0.56161044,2.485326557,31.04947632,73.54467173,1.242468308,91.78956199,NA,-0.483711207,0.162198859,4.002727871,351.4937595,NA,1197.187427,57.9086406,"bilinear",FALSE,FALSE,22,3.32005,0.91358,3.32005e-06,9.1358e-07,3.32005e-05,9.1358e-06,0.11081608811749,0.0304933244325768,0.124023332830623,0.0336025702586055,0.157625903089229,3.63410976597561
"30",30,"4.LTVLLV.1.30",4,"LTVLLV",1,30,0.0439,0.1322,0.98,1.9,3.0122,NA,36.64,3.103,503.69,543.433,277.1558245,"yadi","photosynthesis",15.36842271,346.8001455,0.634100932,1.221756018,20.01818543,48.52443908,1.399995992,111.9500676,NA,3.104388367,0.468746261,4.279496187,424.0803646,NA,462.2612603,32.98440585,"bilinear",FALSE,FALSE,"photosynthesis",18.22541328,276.9223987,0.280625685,1.637300064,25.00282938,89.48759883,2.252942429,149.6614316,NA,3.34998467,0.487179714,7.54236715,320.1151331,NA,710.496746,42.75624688,"bilinear",FALSE,FALSE,"photosynthesis",18.97621128,273.5839246,0.298979722,2.23882265,31.01357174,140.7371425,2.417638354,174.9657328,NA,2.117928553,0.311870746,4.377918857,321.7481483,NA,1193.480538,57.80638387,"bilinear",FALSE,FALSE,24,3.65424,1.0272,3.65424e-06,1.0272e-06,3.65424e-05,1.0272e-05,0.117764743796326,0.0331034482758621,0.13180014078894,0.0364788348660144,0.168278975654955,3.55747663551402
"31",31,"3.LTVHLV.2.31",3,"LTVHLV",2,31,0.0457,0.2155,1.52,2.56,4.2955,NA,48.759,3.154,636.33,688.243,226.2598608,"ozzie","photosynthesis",18.36444487,278.5561863,0.280202774,1.281742058,20.01504077,64.31237209,1.623774826,133.9434737,NA,3.294267552,0.462190674,3.685189505,320.8134933,NA,462.1345892,32.97887989,"bilinear",FALSE,FALSE,"photosynthesis",19.36487847,257.4249918,0.255003961,1.779167817,25.01942451,87.68585459,1.06187753,137.207517,NA,0.386517873,0.200491704,3.396431875,282.8944958,NA,711.5136365,42.7925515,"bilinear",FALSE,FALSE,"photosynthesis",17.61016439,250.6136596,0.222761208,2.444621233,31.01500975,123.5487761,1.669693573,141.7586198,NA,-0.532305583,0.186366989,2.838551701,285.3254503,NA,1193.630954,57.81050617,"bilinear",FALSE,FALSE,25,4.46905333333333,1.28612666666667,4.46905333333333e-06,1.28612666666667e-06,4.46905333333333e-05,1.28612666666667e-05,0.141694779116466,0.0407776368632424,0.15858219730777,0.0449355205827657,0.203517717890536,3.47481585535899
"32",32,"3.LTVHLV.2.32",3,"LTVHLV",2,32,0.0428,0.1677,0.93,1.58,2.6777,NA,45.105,3.084,420.81,468.999,268.9624329,"yadi","photosynthesis",12.47081267,347.714858,0.46292561,1.236296639,19.99795469,33.49029201,0.438172607,76.08709179,NA,0.771116689,0.147243158,1.868236838,423.1611772,NA,461.4576168,32.94911824,"bilinear",FALSE,FALSE,"photosynthesis",10.76478425,270.1325557,0.14063153,1.67482765,24.99234151,49.30794967,0.724815115,89.43373422,NA,0.876330942,0.152443486,4.911613786,403.045519,NA,709.8550937,42.73332147,"bilinear",FALSE,FALSE,"photosynthesis",12.6664432,288.189044,0.211222543,2.331967333,31.00194822,84.82978376,1.155730989,106.0762296,NA,0.542746345,0.147881484,2.287723771,346.9236784,NA,1192.28177,57.77329741,"bilinear",FALSE,FALSE,26,3.73251666666667,0.938413333333333,3.73251666666667e-06,9.38413333333333e-07,3.73251666666667e-05,9.38413333333333e-06,0.121028426286208,0.0304284479031561,0.135452794357319,0.0335310786066273,0.168983872963947,3.97747616544238
"33",33,"3.LTVHLV.2.33",3,"LTVHLV",2,33,0.0399,0.1029,0.65,1.14,1.8929,NA,36.346,3.071,299.15,338.567,353.2167153,"yadi","photosynthesis",9.520654314,272.8482958,0.12246092,1.286450294,19.98611587,42.25547683,2.535833705,88.06729488,NA,4.493815222,0.720550142,6.051520391,336.7374683,NA,460.9864111,32.92844672,"bilinear",FALSE,FALSE,"photosynthesis",11.25459654,315.7831549,0.241552081,1.684442423,25.00854543,46.95217302,1.224310854,81.96125336,NA,1.366610207,0.276710963,3.483903257,374.3311152,NA,710.8449782,42.7687145,"bilinear",FALSE,FALSE,"photosynthesis",11.72010797,329.7106034,0.349449946,2.364344513,31.02983365,66.39998106,1.060318571,85.51620647,NA,0.137827005,0.15249181,2.173747655,374.254847,NA,1195.153144,57.8526112,"bilinear",FALSE,FALSE,27,3.1119,0.79275,3.1119e-06,7.9275e-07,3.1119e-05,7.9275e-06,0.101331813741452,0.0258140670791273,0.113408706943909,0.0284461933497827,0.141854900293692,3.92544938505203
"34",34,"3.LTVHLV.2.34",3,"LTVHLV",2,34,0.0407,0.115,0.7,1.31,2.125,NA,37.661,3.072,353.91,394.643,327.4869565,"ozzie","photosynthesis",10.24126606,356.9424312,0.449034422,1.323270442,20.01632079,31.90057567,1.024257031,73.44956215,NA,2.142027123,0.349341484,3.610564537,440.1078655,NA,462.1855269,32.98111469,"bilinear",FALSE,FALSE,"photosynthesis",11.37362004,309.7730705,0.226734386,1.750583553,25.0161487,50.00413851,1.578924727,85.1683073,NA,1.841275321,0.365621932,3.92812225,354.564873,NA,711.3116098,42.78536133,"bilinear",FALSE,FALSE,"photosynthesis",10.75972739,298.5643169,0.196378688,2.439567601,31.01772116,63.58900437,0.894085317,76.61413892,NA,-0.358028575,0.119361293,2.044509894,331.4915721,NA,1193.908254,57.81819211,"bilinear",FALSE,FALSE,28,3.53203333333333,0.889346666666667,3.53203333333333e-06,8.89346666666666e-07,3.53203333333333e-05,8.89346666666667e-06,0.114975043402778,0.0289500868055556,0.12867795928728,0.0319019767105861,0.160579935997866,3.97149218152651
"35",35,"3.LTVHLV.2.35",3,"LTVHLV",2,35,0.0419,0.144,0.96,1.73,2.834,NA,39.441,3.097,401.76,444.298,273.8958333,"gibson","photosynthesis",12.33266208,226.5715232,0.118704286,1.435445833,20.00011252,71.96661206,2.109323456,141.9117333,NA,8.099399798,0.552614169,5.25511465,279.1848629,NA,461.5409469,32.95282631,"bilinear",FALSE,FALSE,"photosynthesis",16.23084097,255.5422967,0.203062298,1.848131533,25.02109429,89.95394713,1.394004519,148.0302123,NA,4.222448014,0.267084627,5.076318522,310.6215698,NA,711.6252537,42.79637471,"bilinear",FALSE,FALSE,"photosynthesis",13.85607896,265.5653913,0.191414723,2.564623817,31.00592093,111.6751979,1.237046632,149.800651,NA,2.411339798,0.158151924,7.099884291,381.2530315,NA,1192.704642,57.78478677,"bilinear",FALSE,FALSE,29,3.35838333333333,0.910506666666667,3.35838333333333e-06,9.10506666666667e-07,3.35838333333333e-05,9.10506666666667e-06,0.108439888063718,0.0293996340544613,0.121363933323318,0.0323973619562755,0.153761295279593,3.68847747774133
"36",36,"3.LTVLLV.2.36",3,"LTVLLV",2,36,0.0451,0.1402,1.19,1.91,3.2402,NA,37.785,3.147,471.09,512.022,269.5078459,"gibson","photosynthesis",14.10903538,354.3282355,0.688801525,1.30896337,20.0333126,51.20592952,2.364706633,118.9588731,NA,5.980316273,0.813183905,6.75187514,428.8281647,NA,462.8635597,33.01082395,"bilinear",FALSE,FALSE,"photosynthesis",15.14652912,280.8530365,0.234597886,1.836833853,25.01870875,79.5860845,1.721842103,132.9445171,NA,3.704635077,0.348431471,5.342590185,325.4614725,NA,711.4725109,42.79103576,"bilinear",FALSE,FALSE,"photosynthesis",16.07951789,298.0805685,0.324256368,2.492409352,31.02969848,108.8380547,1.39833459,137.2389099,NA,1.643439979,0.188559654,4.665619706,343.8328227,NA,1195.151172,57.85239074,"bilinear",FALSE,FALSE,30,3.67793,0.94858,3.67793e-06,9.4858e-07,3.67793e-05,9.4858e-06,0.116870988242771,0.0301423578010804,0.130799865969906,0.0332158173835834,0.16401568335349,3.87730080752282
"37",37,"3.LTVLLV.2.37",3,"LTVLLV",2,37,0.05,0.2148,1.6,2.73,4.5448,NA,41.925,3.191,581.11,626.226,195.1815642,"ozzie","photosynthesis",14.83746823,202.0281351,0.126370215,1.339044185,19.98774061,86.10771923,3.544208766,160.2673774,NA,7.149445523,0.793391503,6.168550533,239.1405776,NA,461.0506502,32.93127361,"bilinear",FALSE,FALSE,"photosynthesis",20.8570563,238.9999186,0.241443256,1.736569583,24.98764271,118.2286475,1.872201941,189.9872771,NA,3.615999878,0.333302531,3.8950763,280.9691914,NA,709.5674703,42.72304756,"bilinear",FALSE,FALSE,"photosynthesis",21.94035254,247.0586997,0.283464738,2.42003987,31.02870783,168.9207606,1.185813693,203.7479502,NA,0.868987828,0.133437211,3.529027072,294.5092533,NA,1195.053576,57.84963364,"bilinear",FALSE,FALSE,31,4.10527,1.19225,4.10527e-06,1.19225e-06,4.10527e-05,1.19225e-05,0.128651519899718,0.0373628956439987,0.143984420879137,0.0411725959469721,0.185157016826109,3.44329628853009
"38",38,"3.LTVLLV.2.38",3,"LTVLLV",2,38,0.0448,0.1431,1.31,2.1,3.5531,NA,36.012,3.182,501.51,540.704,251.6561845,"yadi","photosynthesis",12.06509423,354.003549,0.524103261,1.255072163,20.00460276,35.49197038,0.802465061,82.69399413,NA,1.737149284,0.27502384,3.154352319,449.1031981,NA,461.726817,32.96083355,"bilinear",FALSE,FALSE,"photosynthesis",14.02787014,291.3110949,0.235003139,1.686389002,25.01072839,61.03309557,0.99322338,100.0151148,NA,1.088569541,0.202138775,3.444021446,322.4457597,NA,710.9826266,42.77356134,"bilinear",FALSE,FALSE,"photosynthesis",14.93702519,305.8744348,0.324683253,2.337988215,31.0280013,94.03845667,1.132901158,117.2168204,NA,0.801051712,0.151372038,2.530857586,342.4555902,NA,1194.967369,57.84743938,"bilinear",FALSE,FALSE,32,4.40779666666667,1.12167333333333,4.40779666666667e-06,1.12167333333333e-06,4.40779666666667e-05,1.12167333333333e-05,0.138522836790279,0.0352505761575529,0.155032217647568,0.0388448942197019,0.19387711186727,3.92966163648359
"39",39,"3.LTVLLV.2.39",3,"LTVLLV",2,39,0.0493,0.2153,1.69,2.77,4.6753,NA,42.537,3.146,589.67,635.353,197.5708314,"ozzie","photosynthesis",14.6627884,282.6275461,0.220174618,1.260591471,19.99687906,52.25090184,1.259862791,109.9124055,NA,3.091470546,0.363244191,3.112458803,336.9309924,NA,461.4138714,32.94721823,"bilinear",FALSE,FALSE,"photosynthesis",16.61101072,263.2537729,0.221387981,1.738519238,25.03224525,77.81522656,1.174944214,125.2635827,NA,1.344615743,0.233336069,3.55084722,304.0283421,NA,712.3033071,42.82067351,"bilinear",FALSE,FALSE,"photosynthesis",16.16204499,274.1911852,0.247364222,2.44477496,31.03083933,110.5304803,1.109657275,135.5641355,NA,0.47374707,0.137192991,2.342793685,326.6848419,NA,1195.260374,57.85552216,"bilinear",FALSE,FALSE,33,4.12842333333333,1.14117666666667,4.12842333333333e-06,1.14117666666667e-06,4.12842333333333e-05,1.14117666666667e-05,0.131227696545878,0.0362738927738928,0.146867630519948,0.0399725531134834,0.186840183633431,3.61768992823197
"40",40,"3.LTVLLV.2.40",3,"LTVLLV",2,40,0.0397,0.1016,1,1.51,2.6116,NA,34.123,3.106,432.21,469.439,335.8562992,"ozzie","photosynthesis",9.331135858,371.3194819,0.645310255,1.26521839,20.03849628,34.2924726,2.256374324,81.10594299,NA,4.393682305,0.814755526,6.711831635,469.7191111,NA,463.0714256,33.01991106,"bilinear",FALSE,FALSE,"photosynthesis",9.80406003,313.9820284,0.199495874,1.733765635,25.01259874,36.22780859,0.547901317,61.84050162,NA,-0.011401725,0.122070592,2.062376133,363.1717713,NA,711.0948371,42.77760906,"bilinear",FALSE,FALSE,"photosynthesis",9.712112757,323.0516313,0.24070384,2.326720331,31.01559924,50.28310327,1.001689096,60.01073484,NA,-0.839852232,0.136994276,2.184358341,329.5307304,NA,1193.686328,57.81210963,"bilinear",FALSE,FALSE,35,3.51693,0.88911,3.51693e-06,8.8911e-07,3.51693e-05,8.8911e-06,0.113230199613651,0.0286255634256278,0.126725162128741,0.0315443633680759,0.158269525496816,3.95556230387691
"41",41,"2.LTVHLV.3.41",2,"LTVHLV",3,41,0.0412,0.1048,0.97,1.52,2.5948,NA,31.686,3.089,416.26,451.035,302.3473282,"yadi","photosynthesis",8.414392023,375.7513329,0.687682371,1.241203228,20.02244268,24.4353896,0.788956118,58.7051898,NA,1.380808376,0.284735911,3.677647257,501.2055195,NA,462.4297066,32.99181604,"bilinear",FALSE,FALSE,"photosynthesis",10.00944781,316.8514543,0.21176536,1.678514174,25.00460896,41.71920937,1.15281578,72.75739906,NA,1.391496061,0.261375957,3.779738999,376.393871,NA,710.6041554,42.76010997,"bilinear",FALSE,FALSE,"photosynthesis",10.60593227,335.1627109,0.338797241,2.321984612,31.01659776,56.19088609,0.881707876,72.13306986,NA,-0.370223681,0.128291099,2.944736526,375.2925363,NA,1193.792007,57.81498901,"bilinear",FALSE,FALSE,36,3.85395666666667,0.960523333333333,3.85395666666667e-06,9.60523333333333e-07,3.85395666666667e-05,9.60523333333333e-06,0.12476389338513,0.0310949606129276,0.139633460604951,0.0342655521537104,0.173899012758662,4.01235090592975
"42",42,"2.LTVHLV.3.42",2,"LTVHLV",3,42,0.0423,0.1465,1.04,1.72,2.9065,NA,41.542,3.118,493.82,538.48,283.5631399,"yadi","photosynthesis",10.95952728,272.9180742,0.143009138,1.207985693,19.99899473,50.48013304,2.054744776,111.1201709,NA,5.522311895,0.6042276,5.538417241,376.1460334,NA,461.5037344,32.95104433,"bilinear",FALSE,FALSE,"photosynthesis",14.76099329,303.69486,0.288220974,1.614871391,25.00174383,57.90151202,0.619041333,98.31456028,NA,0.375569803,0.1306083,4.13585392,347.6380664,NA,710.4282233,42.75383528,"bilinear",FALSE,FALSE,"photosynthesis",15.50934009,312.725596,0.376285441,2.235866597,31.00933961,87.02484872,1.441222537,105.8737012,NA,-0.794822168,0.184088973,2.993962723,329.5348368,NA,1193.043579,57.79433038,"bilinear",FALSE,FALSE,37,2.60981,0.66364,2.60981e-06,6.6364e-07,2.60981e-05,6.6364e-06,0.0837014111610006,0.0212841565105837,0.093677083816634,0.0234543913414038,0.117131475158038,3.93256886263637
"43",43,"2.LTVHLV.3.43",2,"LTVHLV",3,43,0.0407,0.0989,0.9,1.44,2.4389,NA,29.854,3.068,408.59,441.512,301.8604651,"yadi","photosynthesis",9.556977779,338.5039537,0.267778439,1.269773295,20.00311322,28.51110873,0.837105789,63.76263425,NA,1.207637847,0.27562112,2.868197431,411.6651968,NA,461.6599382,32.95805547,"bilinear",FALSE,FALSE,"photosynthesis",10.22607193,316.020539,0.215367406,1.684946123,24.99566443,41.03736258,1.003403718,70.4792715,NA,0.96405841,0.242851963,3.581445434,364.6770119,NA,710.0549032,42.74052095,"bilinear",FALSE,FALSE,"photosynthesis",10.56142056,325.3344482,0.278642982,2.281906598,31.0022301,57.90357663,1.073818134,72.80523783,NA,-0.062814576,0.167785995,3.421373814,360.038884,NA,1192.313032,57.77412998,"bilinear",FALSE,FALSE,38,3.77269,0.99599,3.77269e-06,9.9599e-07,3.77269e-05,9.9599e-06,0.122969035202086,0.0324638200782268,0.137624688254285,0.0357739871050578,0.173398675359343,3.78787939637948
"44",44,"2.LTVHLV.3.44",2,"LTVHLV",3,44,0.0422,0.0856,0.75,1.18,2.0156,NA,28.016,3.141,357.53,388.687,327.2897196,"gibson","photosynthesis",8.187832388,350.6830988,0.285252635,1.383232026,20.01111421,30.92027324,1.108046669,72.00270721,NA,3.831670625,0.374162274,4.381428226,453.8772032,400,461.9790232,32.97204054,"bilinear",FALSE,FALSE,"photosynthesis",9.086586135,321.5798892,0.20456725,1.834932566,25.01306674,40.73119351,0.792139853,71.14940124,NA,1.874714669,0.181617005,3.430201188,378.5309714,NA,711.1231464,42.77862614,"bilinear",FALSE,FALSE,"photosynthesis",8.985258443,329.4118616,0.250831681,2.496454481,31.02343362,58.8302953,1.458293302,75.01090279,NA,1.633230724,0.214578423,3.529223841,369.9320721,NA,1194.495631,57.83442841,"bilinear",FALSE,FALSE,39,3.54713666666667,0.889583333333333,3.54713666666667e-06,8.89583333333333e-07,3.54713666666667e-05,8.89583333333333e-06,0.112930170858538,0.0283216597686512,0.126389375450233,0.0312094722345104,0.157598847684743,3.98741358313817
"45",45,"2.LTVHLV.3.45",2,"LTVHLV",3,45,0.0443,0.12,1.19,1.81,3.12,NA,32.592,3.162,469.9,505.654,271.6,"gibson","photosynthesis",9.690955117,366.5493163,0.572000879,1.358504207,20.01355858,37.38262339,1.892549078,88.29624023,NA,5.061568758,0.671811611,5.785547733,463.2152882,NA,462.0768712,32.97632158,"bilinear",FALSE,FALSE,"photosynthesis",11.6704626,315.8955326,0.255856673,1.854884273,25.0219394,59.47620498,2.304459266,103.9609133,NA,4.248811211,0.533134041,5.875071756,368.4886163,NA,711.670505,42.79810392,"bilinear",FALSE,FALSE,"photosynthesis",11.69176908,339.6059979,0.438387551,2.646968688,31.03511849,71.27555625,1.072480565,90.614216,NA,1.795611451,0.159865811,5.381410046,363.8629951,NA,1195.703095,57.86772201,"bilinear",FALSE,FALSE,40,3.30717,0.85092,3.30717e-06,8.5092e-07,3.30717e-05,8.5092e-06,0.104591081593928,0.0269108159392789,0.117056419731092,0.029654771991668,0.14671119172276,3.88658158228741
"46",46,"2.LTVLLV.3.46",2,"LTVLLV",3,46,0.0443,0.1829,1.49,2.42,4.0929,NA,52.905,3.055,657.04,713,289.2564243,"yadi","photosynthesis",6.921508384,249.5694364,0.072682272,1.2500401,19.98456509,49.64652207,6.3983722,103.4098946,NA,8.379095285,1.807479546,12.13489396,330.9222482,NA,460.93511,32.92598231,"bilinear",FALSE,FALSE,"photosynthesis",9.860248409,323.6042801,0.228454896,1.676205345,24.99984299,38.27267543,0.620481067,67.9461629,NA,0.589354893,0.141107299,2.781296825,392.4308015,NA,710.3199068,42.74982681,"bilinear",FALSE,FALSE,"photosynthesis",10.39257944,328.9483175,0.291604471,2.327012373,31.00031991,62.48760391,1.766584799,70.79100416,NA,-0.060169688,0.154191761,3.948227329,295.3987939,NA,1192.119402,57.76873902,"bilinear",FALSE,FALSE,41,2.60291,0.70762,2.60291e-06,7.0762e-07,2.60291e-05,7.0762e-06,0.0852016366612111,0.0231626841243863,0.0953561086738941,0.0255244626537365,0.120880571327631,3.67840083660722
"47",47,"2.LTVLLV.3.47",2,"LTVLLV",3,47,0.0453,0.1577,1.04,1.69,2.8877,NA,45.455,3.153,410.83,459.438,288.2371592,"yadi","photosynthesis",8.214208881,282.6766554,0.112423903,1.255961006,19.990791,38.78562441,2.567793224,82.98977856,NA,5.019264684,0.76397465,6.341754503,361.0294834,NA,461.1782657,32.93674464,"bilinear",FALSE,FALSE,"photosynthesis",9.230181155,298.4238375,0.153916688,1.68078162,24.99542101,47.82735236,2.119917875,83.31213531,NA,3.203037374,0.464791671,4.504232603,371.7139883,NA,710.049372,42.74016081,"bilinear",FALSE,FALSE,"photosynthesis",9.361837308,313.1960449,0.198985243,2.331386023,31.00168442,58.11026332,0.792572618,74.60284221,NA,0.616686108,0.11453221,1.900330723,374.073077,NA,1192.257514,57.77258711,"bilinear",FALSE,FALSE,42,2.5691,0.63361,2.5691e-06,6.3361e-07,2.5691e-05,6.3361e-06,0.0814811290834126,0.0200954646368538,0.0911921848478614,0.022144494734651,0.113336679582512,4.05470241946939
"48",48,"2.LTVLLV.3.48",2,"LTVLLV",3,48,0.0491,0.2128,1.63,2.46,4.3028,NA,53.141,3.164,600.84,657.145,249.7227444,"ozzie","photosynthesis",9.345979277,372.6403743,0.702047654,1.265620727,20.01529936,25.49854737,0.51552171,59.14257335,NA,1.018451364,0.182009129,2.971754714,455.2933391,NA,462.1446794,32.9793267,"bilinear",FALSE,FALSE,"photosynthesis",8.590072492,309.7593317,0.162537068,1.742204101,25.00095572,36.45158068,0.810376145,66.17344694,NA,1.107417552,0.184922894,3.470520462,412.4622407,NA,710.3794949,42.75210316,"bilinear",FALSE,FALSE,"photosynthesis",9.38721557,327.6910853,0.250265654,2.330275324,31.01729936,49.17600204,0.946337528,62.2287,NA,-0.430830486,0.134701382,2.480051321,367.8999807,NA,1193.864537,57.8169885,"bilinear",FALSE,FALSE,43,3.27757666666667,0.870663333333333,3.27757666666667e-06,8.70663333333333e-07,3.27757666666667e-05,8.70663333333333e-06,0.103589654445849,0.0275178044669195,0.11593564083877,0.0303236519851009,0.146259292823871,3.76445928200338
"49",49,"2.LTVLLV.3.49",2,"LTVLLV",3,49,0.0417,0.1135,0.95,1.32,2.3835,NA,36.19,3.126,342.26,381.576,318.8546256,"yadi","photosynthesis",8.312890128,297.2814403,0.130634705,1.252860341,19.98372023,27.51114811,0.617656119,59.55902863,NA,1.447429788,0.188865032,2.54802954,380.0179247,NA,460.9051687,32.92459298,"bilinear",FALSE,FALSE,"photosynthesis",9.384798014,315.5115228,0.192244371,1.667214095,25.0046153,39.4748412,1.259980435,68.04495513,NA,1.200029864,0.281977634,3.373020632,368.6104517,NA,710.6172919,42.76035764,"bilinear",FALSE,FALSE,"photosynthesis",9.756030628,337.4516197,0.317852529,2.306543992,31.01618635,52.67696091,0.857478202,66.91156192,NA,-0.009592299,0.129069012,2.06754745,369.243001,NA,1193.753061,57.81386583,"bilinear",FALSE,FALSE,44,4.1009,1.00297,4.1009e-06,1.00297e-06,4.1009e-05,1.00297e-05,0.13118682021753,0.0320847728726807,0.146821882483162,0.035356290425778,0.18217817290894,4.08875639351127
"50",50,"2.LTVLLV.3.50",2,"LTVLLV",3,50,0.0459,0.1252,1.05,1.76,2.9352,NA,33.561,3.172,441.3,478.033,268.0591054,"yadi","photosynthesis",10.18312698,333.5364882,0.264663545,1.253649926,20.0154666,31.40018383,0.815679419,69.04151832,NA,1.458732257,0.258727494,2.880871421,392.7157849,NA,462.1560432,32.97972814,"bilinear",FALSE,FALSE,"photosynthesis",11.5039325,321.2186056,0.267729031,1.665776309,25.01345061,47.27301153,1.170398173,82.87885268,NA,1.489086436,0.271408732,4.041880803,377.6821282,NA,711.1486197,42.77950167,"bilinear",FALSE,FALSE,"photosynthesis",11.84110449,340.7306008,0.452833355,2.322417427,31.0271598,63.42447116,1.012822935,82.43694161,NA,-0.113862935,0.146855692,3.106184259,381.664474,NA,1194.877892,57.84500707,"bilinear",FALSE,FALSE,46,4.49251333333333,1.06421666666667,4.49251333333333e-06,1.06421666666667e-06,4.49251333333333e-05,1.06421666666667e-05,0.141630306851618,0.0335503362757461,0.158510041131737,0.0369712897128788,0.195481330844616,4.22142734092369
"51",51,"1.HTVHLV.3.51",1,"HTVHLV",3,51,0.045,0.1285,1.19,1.74,3.0585,NA,33.979,3.139,467.69,504.808,264.4280156,"ozzie","photosynthesis",6.848097273,219.4606099,0.060107214,1.360098245,19.99476009,48.56978143,4.945151718,96.07335781,NA,6.45757054,1.258291191,8.336420646,295.2996065,NA,461.3285022,32.94349434,"bilinear",FALSE,FALSE,"photosynthesis",10.67514432,306.4558366,0.201794461,1.773599029,25.0050085,44.71385156,1.107210454,77.05250584,NA,1.228958231,0.249477436,3.04064055,365.6016325,NA,710.6293118,42.7609964,"bilinear",FALSE,FALSE,"photosynthesis",10.3390838,316.6609063,0.238836113,2.455577696,31.02107983,56.2114619,0.8452347,70.07365908,NA,-0.435963632,0.119421623,2.007207349,355.6237133,NA,1194.264963,57.82789424,"bilinear",FALSE,FALSE,47,3.74478333333333,0.980856666666667,3.74478333333333e-06,9.80856666666667e-07,3.74478333333333e-05,9.80856666666667e-06,0.1192986088988,0.0312474248699161,0.133516814471914,0.0344335623986646,0.167950376870579,3.81787009314986
"52",52,"1.HTVHLV.3.52",1,"HTVHLV",3,52,0.0448,0.1533,1.87,2.48,4.5033,NA,36.769,3.129,627.58,667.478,239.8499674,"gibson","photosynthesis",8.2227198,367.1391068,0.452438256,1.304737462,20.00887266,28.17943564,0.48117004,69.21782545,NA,3.242652818,0.178116446,2.839607929,526.3986565,NA,461.8890704,32.96810949,"bilinear",FALSE,FALSE,"photosynthesis",7.273883733,296.267584,0.116458313,1.861152586,25.00201599,62.64818265,4.941657181,111.6662812,NA,8.443147884,1.14238948,9.203352602,380.5994483,NA,710.4446036,42.75442522,"bilinear",FALSE,FALSE,"photosynthesis",7.981261237,291.327293,0.129911052,2.627630154,31.00708987,67.26366729,1.889808431,87.12107909,NA,2.621084448,0.254332914,5.616143827,376.9540877,NA,1192.811731,57.78792887,"bilinear",FALSE,FALSE,48,4.55714333333333,1.15891666666667,4.55714333333333e-06,1.15891666666667e-06,4.55714333333333e-05,1.15891666666667e-05,0.145642164695856,0.0370379247896026,0.163000038830965,0.0408144895033474,0.203814528334313,3.93224419357158
"53",53,"1.HTVHLV.3.53",1,"HTVHLV",3,53,0.0457,0.1331,1.54,1.91,3.5831,NA,33.37,3.156,487.47,523.996,250.7137491,"ozzie","photosynthesis",8.220508557,231.227562,0.078322938,1.412488737,19.99699493,49.78647063,2.502706065,99.25372453,NA,5.994642939,0.659975927,4.952699455,299.8682653,NA,461.4170441,32.94738702,"bilinear",FALSE,FALSE,"photosynthesis",10.61098164,314.5205795,0.222476077,1.798756742,25.00671227,44.93748349,1.368590322,78.21790304,NA,1.539888221,0.321388628,3.555351214,373.1722753,NA,710.732966,42.76470996,"bilinear",FALSE,FALSE,"photosynthesis",10.01959899,324.5118887,0.260016332,2.452737351,31.02636272,56.72429343,0.93841944,72.48838959,NA,0.219885828,0.141635647,2.156337179,372.3413405,NA,1194.803767,57.84284914,"bilinear",FALSE,FALSE,49,4.23460666666667,1.06752333333333,4.23460666666667e-06,1.06752333333333e-06,4.23460666666667e-05,1.06752333333333e-05,0.134176383607943,0.0338252006759611,0.150167746984301,0.0372741806075805,0.187441927591881,3.9667579475234
"54",54,"1.HTVHLV.3.54",1,"HTVHLV",3,54,0.0439,0.1383,1.31,1.81,3.2583,NA,39.801,3.143,480.86,523.804,287.7874187,"yadi","photosynthesis",10.34102624,263.4114938,0.124458496,1.266595733,19.99200123,40.19994396,1.121095072,86.06586257,NA,2.590383532,0.321366696,3.315890933,360.4604381,NA,461.2378471,32.93912374,"bilinear",FALSE,FALSE,"photosynthesis",13.133297,313.370338,0.283521021,1.676811665,25.00124332,47.60093462,0.50164236,81.20488304,NA,-0.310113038,0.107691745,2.970817764,356.4590963,NA,710.4011399,42.75280637,"bilinear",FALSE,FALSE,"photosynthesis",13.361753,315.9227543,0.324590429,2.287465098,31.0070399,77.9637497,1.200304162,98.36059496,NA,0.278817208,0.176065468,2.767179606,355.3115952,NA,1192.807999,57.78780619,"bilinear",FALSE,FALSE,50,3.76103666666667,0.973763333333334,3.76103666666667e-06,9.73763333333333e-07,3.76103666666667e-05,9.73763333333333e-06,0.119663909216248,0.0309819705164917,0.133925651885539,0.0341410410443229,0.168066692929862,3.86237244504996
"55",55,"1.HTVHLV.3.55",1,"HTVHLV",3,55,0.0443,0.1042,1.21,1.61,2.9242,NA,31.122,3.144,429.83,464.096,298.6756238,"gibson","photosynthesis",5.982101491,241.8869339,0.059638377,1.369116557,19.99491668,47.73196409,3.585200801,97.71553543,NA,7.973315383,0.963084691,6.722945743,319.7127499,NA,461.3363308,32.94380499,"bilinear",FALSE,FALSE,"photosynthesis",11.22576359,296.964434,0.192248378,1.806994194,25.02667457,56.50331243,1.763456028,96.71991056,NA,3.387947207,0.388701319,4.614017337,355.0349213,NA,711.9652083,42.80854628,"bilinear",FALSE,FALSE,"photosynthesis",12.14307302,314.269862,0.283126667,2.482663528,31.03872215,73.41523775,0.846598102,92.03596298,NA,0.72172053,0.118931226,2.955738509,354.0143792,NA,1196.076118,57.87799855,"bilinear",FALSE,FALSE,51,4.54556666666667,1.18445333333333,4.54556666666667e-06,1.18445333333333e-06,4.54556666666667e-05,1.18445333333333e-05,0.14457909245123,0.0376734520780322,0.161810267877505,0.041514818206698,0.203325086084203,3.83769164959362
"56",56,"1.HTVLLV.3.56",1,"HTVLLV",3,56,0.0475,0.179,1.66,2.25,4.089,NA,40.021,3.158,539.64,582.819,223.5810056,"yadi","photosynthesis",14.23465131,261.5510353,0.176280247,1.213184467,19.9947744,55.01733023,1.424517035,114.1461413,NA,3.388734791,0.385476555,3.820848218,324.3868378,NA,461.3348328,32.9436537,"bilinear",FALSE,FALSE,"photosynthesis",17.26078679,288.3752685,0.294606018,1.619059939,24.9999593,83.50347975,2.946938819,143.2083653,NA,3.66910686,0.603195108,6.141543759,339.6578754,NA,710.318128,42.74991763,"bilinear",FALSE,FALSE,"photosynthesis",18.65591563,302.3495673,0.418988012,2.245527737,31.02001123,113.5273727,1.483129539,142.5046927,NA,-0.004242552,0.191622001,2.660437709,338.8413514,NA,1194.142036,57.82467784,"bilinear",FALSE,FALSE,52,3.55189,0.95579,3.55189e-06,9.5579e-07,3.55189e-05,9.5579e-06,0.112472767574414,0.0302656744775174,0.125877458085991,0.03335170802067,0.159229166106661,3.71618242500968
"57",57,"1.HTVLLV.3.57",1,"HTVLLV",3,57,0.0447,0.1617,1.37,2.05,3.5817,NA,41.494,3.125,533.67,578.289,256.611008,"yadi","photosynthesis",7.841420904,277.9934642,0.102869034,1.261388767,19.99627665,41.79790677,2.173026971,91.23234822,NA,5.88526934,0.655146789,5.661384293,376.2414095,NA,461.3915946,32.94620612,"bilinear",FALSE,FALSE,"photosynthesis",11.31356928,313.4469588,0.23453696,1.685353491,24.9969032,43.65391366,0.450118488,74.68038921,NA,0.285135065,0.098666855,2.559926944,360.4307188,NA,710.1389698,42.74338085,"bilinear",FALSE,FALSE,"photosynthesis",11.84888094,311.8724759,0.262062922,2.322242627,31.00505226,66.01349058,1.069647941,80.02173111,NA,-0.650097121,0.147014471,2.596438943,334.0484459,NA,1192.602298,57.7821386,"bilinear",FALSE,FALSE,53,3.94350333333333,1.01703666666667,3.94350333333333e-06,1.01703666666667e-06,3.94350333333333e-05,1.01703666666667e-05,0.126192106666667,0.0325451733333333,0.141231890708181,0.0358636355288145,0.177095526236995,3.87744460212841
"58",58,"1.HTVLLV.3.58",1,"HTVLLV",3,58,0.0477,0.1579,1.33,1.8,3.2879,NA,35.404,3.161,401.61,440.175,224.2178594,"gibson","photosynthesis",8.482223626,285.4857588,0.121105363,1.442656432,19.99919415,42.39716006,1.210461078,101.4711895,NA,5.597314951,0.396586783,6.874061307,472.0490162,NA,461.504349,32.95122172,"bilinear",FALSE,FALSE,"photosynthesis",13.17684592,293.7341936,0.226282694,1.862575028,25.01250587,66.31381951,1.413784771,114.8668051,NA,3.300646114,0.302807376,5.189910237,357.4007929,NA,711.088878,42.77740097,"bilinear",FALSE,FALSE,"photosynthesis",14.4293025,316.502487,0.368368805,2.534028855,31.01982408,92.46171035,1.130018539,121.0496763,NA,1.614144746,0.163522574,4.942133119,374.4225796,371,1194.12169,57.82413076,"bilinear",FALSE,FALSE,54,4.56473333333333,1.18291666666667,4.56473333333333e-06,1.18291666666667e-06,4.56473333333333e-05,1.18291666666667e-05,0.14440788779922,0.0374222292523463,0.161618658771832,0.0412379794950205,0.202856638266853,3.85887988728426
"59",59,"1.HTVLLV.3.59",1,"HTVLLV",3,59,0.0475,0.1375,1.56,2.15,3.8475,NA,37.03,3.161,546.24,586.431,269.3090909,"yadi","photosynthesis",10.43508437,268.3981356,0.130709552,1.25937952,20.00322617,40.41852889,0.9504785,85.35654511,NA,2.611708721,0.276339102,3.298734327,349.2164468,371,461.6657647,32.95828373,"bilinear",FALSE,FALSE,"photosynthesis",12.96012521,299.5499313,0.233582556,1.677303935,24.9899844,58.66979064,1.801709236,101.2112042,NA,2.436022007,0.400106593,4.593288106,358.1093936,371,709.7200623,42.72833743,"bilinear",FALSE,FALSE,"photosynthesis",13.53828586,305.3334933,0.283829142,2.332344858,31.00299214,92.43344238,2.35937778,114.7380645,NA,1.966802246,0.333352473,4.928671882,339.6031822,371,1192.3969,57.77637164,"bilinear",FALSE,FALSE,55,3.69533333333333,0.934156666666666,3.69533333333333e-06,9.34156666666666e-07,3.69533333333333e-05,9.34156666666666e-06,0.116903933354424,0.0295525677528208,0.130836737534469,0.0325658895090976,0.163402627043567,3.95579613697917
"60",60,"1.HTVLLV.3.60",1,"HTVLLV",3,60,0.0434,0.1166,1.12,1.62,2.8566,NA,31.111,3.124,424.31,458.545,266.8181818,"ozzie","photosynthesis",10.82769114,344.6586056,0.354871626,1.2902056,20.01138502,31.68356963,0.810284061,70.97104748,NA,1.496020267,0.264090912,2.925204937,410.7248941,371,461.9901518,32.97252155,"bilinear",FALSE,FALSE,"photosynthesis",11.29820909,307.0544142,0.216458867,1.679157827,24.99086935,41.75392062,0.578922127,69.46760365,NA,-0.099652297,0.129544591,2.490448203,341.1096373,371,709.7634312,42.73007413,"bilinear",FALSE,FALSE,"photosynthesis",10.46460427,336.806333,0.343835462,2.282940081,31.01554635,56.20038517,1.01310346,70.37593172,NA,-0.068480338,0.152631755,3.149343459,358.3985835,371,1193.685524,57.81202301,"bilinear",FALSE,FALSE,57,4.47104666666667,1.08041333333333,4.47104666666667e-06,1.08041333333333e-06,4.47104666666667e-05,1.08041333333333e-05,0.143119291506615,0.0345842936406316,0.160176485441255,0.0381106743370377,0.198287159778292,4.13827424072269
